"ID_SITE","DATE","SYNC","PROC","NANOEC","PICOEC","CRYC","TBACC","HNABACC","LNABACC","SYNSSC","PROSSC","NANOESSC","PICOESSC","CRYSSC","TBACSSC","HNABACSSC","LNABACSSC","T","S","NH4","NO3","NO2","SIOH4","PO4","CHLA","PC2_TEMPERATURE"
11,2014-01-07,10000.23374,10756.31418,1376.637027,4995.361649,128.391018,692556.2996,209392.8571,483163.4425,0.061161,0.031731,0.66716,0.204142,1.969494,0.013638,0.017457,0.012235,14.621,38.138,0.064,0.33,0.26,2.14,0.07,0.33,0.252365930599369
11,2014-01-22,3140.82472,2884.042684,1486.007154,3571.172392,54.685063,515550.5952,175419.3948,340131.2004,0.06085,0.028423,0.619048,0.203869,2.053691,0.013349,0.014392,0.012813,13.924,37.966,0.133,0.25,0.26,1.15,0.13,0.24,0.287066246056782
11,2014-02-03,6545.564311,7182.764179,1359.993747,5511.303332,90.349235,638886.1607,158366.5675,480519.5933,0.062015,0.030104,0.771982,0.198212,1.772388,0.013671,0.017856,0.012526,13.754,38.005,0.073,1.26,0.27,2.8,0.01,0.4,0.373817034700315
11,2014-02-14,13642.73448,10064.42925,2448.93979,13859.09712,192.586527,875246.2798,261344.494,613901.7857,0.058421,0.029148,0.663677,0.166667,2.064662,0.013027,0.015506,0.0121,13.733,37.89,0.121,0.77,0.28,3.66,0.05,0.66,0.367507886435331
11,2014-03-07,19532.07803,5599.274956,3007.678479,10896.59326,268.670093,831490.5754,231997.7679,599492.8075,0.055206,0.028721,0.73822,0.157816,2.401498,0.01311,0.015864,0.012152,13.642,38.006,0.037,0.83,0.12,3.11,0.08,0.54,0.383280757097792
11,2014-03-17,65802.77439,9503.312951,2185.024919,3399.984368,356.641717,957602.1825,197231.1508,760635.4167,0.060493,0.026233,1.030643,0.210762,3.252427,0.015242,0.022052,0.013831,14.135,37.923,0.051,0.42,0.04,2.71,0.08,0.54,0.364353312302839
11,2014-03-31,67536.05313,7484.720833,5413.821263,18566.76778,622.934199,863348.9583,173172.123,690176.8353,0.055222,0.026702,0.834705,0.170531,2.056349,0.015709,0.022561,0.014333,14.071,37.955,0.244,0.67,0.07,1.32,0.02,1.06,0.302839116719243
11,2014-04-14,34040.26308,1058.037094,6761.926953,7479.96561,306.711877,642984.127,195380.4563,447603.6706,0.054817,0.024459,0.964206,0.164057,2.444361,0.017509,0.024489,0.015102,15.226,37.888,0.924,0.93,0.1,3.06,0.21,0.71,0.465299684542587
11,2014-04-29,57932.8805,5271.164576,1757.054859,3102.782937,130.76863,1063356.151,239664.9306,824484.375,0.06072,0.026103,0.902767,0.218399,2.625937,0.014767,0.019899,0.013544,14.727,37.95,0.041,0.27,0.11,2.24,0.19,0.4,0.413249211356467
11,2014-05-16,31460.55466,2215.933868,1811.739922,5161.79445,261.537259,1368588.542,360621.0317,1007967.51,0.057649,0.029895,0.692771,0.158886,1.15373,0.014641,0.018892,0.013383,14.416,38.12,0.131,1.14,0,2.9,0.26,0.47,0.285488958990536
11,2014-05-28,59804.06071,677.619262,1899.711546,2220.689091,78.461178,1088472.718,332331.8452,756140.873,0.056993,0.028849,1.035874,0.245142,3.483919,0.016482,0.023687,0.01405,16.94,37.95,0.05,0.06,0,2.89,0.19,0.22,0.187697160883281
11,2014-06-10,80812.63545,920.13563,7073.394053,5732.421197,95.104458,1353915.179,572789.9306,781125.248,0.060677,0.026375,1.345893,0.238131,2.669925,0.020362,0.027541,0.01632,21.062,36.48,0.175,0.24,0,1.73,0.23,0.94,0.802839116719243
11,2014-06-23,25181.28283,135.523852,839.296841,1146.008717,14.265669,735783.2341,187316.7163,548466.5179,0.064724,0.023077,1.149321,0.241327,3.135503,0.017764,0.028103,0.015179,21.995,38.087,0.025,0.03,0,1.73,0.16,0.1,0.813880126182965
11,2014-07-07,24962.54257,8031.571465,2465.58307,977.198304,71.328343,1247235.863,408474.7024,838761.1607,0.056712,0.031467,0.805598,0.204236,5.239819,0.015072,0.020337,0.013026,21.436,38.007,0.027,0.04,0,2.32,0.05,0.21,0.110410094637224
11,2014-07-21,21089.41353,913.002795,1386.147473,1000.974419,73.705955,665324.6528,171453.621,494003.2242,0.058947,0.025,1.016517,0.216967,2.927068,0.0174,0.026659,0.015018,22.756,38.09,0.01,0,0,1.94,0.03,0.24,0.746056782334385
11,2014-08-05,23096.11759,306.711877,1203.071392,1031.883368,111.747738,549920.6349,155458.3333,394462.3016,0.063943,0.025353,1.046097,0.263197,3.188906,0.018946,0.029217,0.015964,22.852,38.069,0.035,0.07,0,2.93,0.05,0.28,0.8801261829653
11,2014-08-19,18183.97234,3055.230708,1310.063907,1614.398172,49.92984,702206.3492,198420.8829,503785.4663,0.052206,0.029319,0.888556,0.222887,2.277487,0.016089,0.023471,0.01389,17.216,37.934,0.877,0.77,0.02,2.5,0.16,0.22,0.225552050473186
11,2014-09-02,18222.01412,7755.768538,1043.771425,867.828178,26.153726,656203.373,164976.1905,491359.375,0.054744,0.026652,0.837838,0.222973,5.787651,0.015565,0.022746,0.013702,17.066,38.007,0.025,0.04,0.01,1.86,0.05,0.16,0.646687697160883
11,2014-09-16,20980.0434,981.953527,825.031172,606.290919,33.28656,541724.7024,131531.498,410193.2044,0.062453,0.026517,1.025468,0.250936,1.790068,0.017555,0.029089,0.014949,22.888,38.219,0.04,0.05,0,3.06,0.02,0.13,0.0804416403785489
11,2014-10-10,33852.43177,3131.314275,1036.638591,378.04022,42.797006,608349.7024,120823.9087,487525.7937,0.063178,0.024625,1.034535,0.259009,2.65512,0.016132,0.027316,0.014183,22.521,38.241,0.022,0.09,0,1.14,0.01,0.16,0.00315457413249211
11,2014-10-21,54708.83938,3147.957555,2458.450235,2006.704061,311.4671,1206520.585,396048.6111,810471.9742,0.046483,0.029214,0.916857,0.221205,7.647534,0.019026,0.029907,0.015239,22.125,36.919,0.016,0.08,0,1.38,0.02,0.24,0.0110410094637224
11,2014-11-03,28926.02085,5252.143685,1069.925151,454.123786,21.398503,641530.0099,110909.4742,530620.5357,0.058065,0.026446,0.810744,0.246281,1.260611,0.015269,0.02612,0.013646,20.222,38.132,0.03,0.05,0,1.03,0.02,0.19,0.0347003154574132
11,2014-11-17,26068.1319,7644.0208,1027.128145,1359.993747,52.307452,963947.4206,265971.2302,697976.1905,0.058568,0.029627,0.924481,0.241494,1.722933,0.015532,0.023868,0.013163,18.05,35.719,0.144,5.54,0,8.21,0.08,0.21,0.028391167192429
11,2014-12-03,11514.77223,7111.435836,427.97006,506.431238,30.908949,758784.7222,192207.8373,567370.0397,0.060593,0.032484,0.787829,0.225329,1.322034,0.014703,0.022786,0.012675,17.902,37.922,0.26,0.27,0.02,2.95,0.07,0.07,0.0914826498422713
11,2014-12-16,9049.189164,5722.910751,553.983467,2094.675684,57.062675,568031.002,143164.4345,425395.3373,0.059423,0.03228,0.714642,0.217138,1.606961,0.014107,0.019654,0.012616,16.961,37.886,0.07,0.48,0.06,2.73,0.09,0.18,0.116719242902208
11,2015-01-06,11933.23185,9184.713017,1383.769862,3730.472359,83.216401,608085.3175,162200.1488,446017.3611,0.057368,0.03085,0.731377,0.207675,2.178947,0.013704,0.017594,0.012507,15.447,37.987,0.47,0.59,0.08,2.64,0.1,0.57,0.20820189274448
11,2015-01-20,8592.687767,7532.273062,701.395377,3052.853097,49.92984,546351.4385,197892.1131,349252.4802,0.058195,0.032658,0.892643,0.234234,4.313534,0.014769,0.018005,0.013212,14.437,37.952,1.24,0.97,0.08,1.89,0.18,0.64,0.23186119873817
11,2015-02-03,8454.786303,6780.947845,1716.635464,5779.973426,42.797006,652898.5615,128094.494,525200.6448,0.059111,0.030255,0.636637,0.180931,3.638554,0.013365,0.019362,0.012202,13.559,38.066,0.08,1.39,0.16,1.55,0.07,0.59,0.436908517350158
11,2015-02-17,7280.246248,6450.459854,1167.40722,9046.811553,49.92984,626460.0694,135365.0794,491094.9901,0.057046,0.02901,0.595202,0.168666,1.777361,0.013159,0.016582,0.012325,13.707,38.071,0.09,0.78,0.17,2.36,0.02,0.18,0.392744479495268
11,2015-03-02,4034.806624,2227.821925,1241.113175,4921.655694,38.041783,480519.5933,94649.80159,385869.7917,0.057388,0.028912,0.593145,0.163934,1.544776,0.013197,0.016722,0.012444,13.617,38.079,0.04,0.8,0.23,2.13,0.06,0.3,0.427444794952681
11,2015-03-17,11959.38557,5777.595814,520.696907,10782.46791,30.908949,968970.7341,188638.6409,780860.8631,0.053283,0.027677,0.803922,0.177225,2.018113,0.013156,0.015155,0.012739,13.572,38.059,0.132,0.7,0.27,2.13,0.06,0.28,0.435331230283912
11,2015-08-04,14388.01598,1237.327834,856.040959,931.704892,37.090163,545412.987,266760.1732,283480.5195,0.058676,0.024052,1.171913,0.281679,8.313156,0.018235,0.025269,0.01296,21.848,38.07,0.344,0.21,0.04,1.75,0.05,0.16,0.804416403785489
11,2015-08-18,22430.6469,7754.811255,1548.885202,2022.15568,50.442622,713499.5671,324869.2641,399698.7013,0.0525,0.021371,0.910484,0.228226,3.885484,0.01521,0.020409,0.011895,17.155,37.993,0.017,0.14,0.02,1.4,0.06,0.19,0.772870662460568
11,2015-09-08,12631.42587,13701.10617,2287.721246,2281.78682,32.639343,613412.987,282891.7749,338763.6364,0.054426,0.027213,0.740164,0.202459,7.451639,0.014267,0.018937,0.011014,15.12,38.01,0.417,0.43,0.03,1.38,0.08,0.22,0.359621451104101
11,2015-09-24,20770.49121,21550.86824,2189.803216,2035.508139,10.385246,617651.9481,274708.2251,349832.0346,0.053469,0.024163,0.776327,0.196735,1.706122,0.014955,0.020764,0.0112,17.664,38.152,0.023,0,0.03,1.4,0.03,0.24,0.839116719242902
11,2015-10-08,28870.98279,17322.58967,1465.803237,505.909822,31.155737,723567.0996,344886.5801,387688.3117,0.055873,0.021533,0.89478,0.211256,3.508157,0.015723,0.022026,0.011511,20.036,38.318,0.034,0.04,0,1.72,0.04,0.21,0.0488958990536278
11,2015-10-20,10674.54888,4327.680205,2596.311402,1265.516357,54.893441,692540.2597,280242.4242,417832.0346,0.05627,0.021624,0.978296,0.187299,3.2291,0.015058,0.023187,0.010946,18.052,37.637,0.121,0.7,0.03,1.03,0.05,1.21,0.1198738170347
11,2015-11-04,20795.71252,10667.13084,1734.336016,418.377037,41.540982,783442.4242,350244.1558,443442.4242,0.058857,0.02182,0.838969,0.207729,4.049114,0.015032,0.022161,0.010839,18.679,38.294,0.184,0.15,0.05,1.48,0.05,0.36,0.0583596214511041
11,2015-11-17,31783.30238,15282.63071,1424.262255,305.622942,28.188524,709437.2294,302143.7229,416183.5498,0.060958,0.022159,0.847403,0.26461,2.599838,0.015696,0.02534,0.010906,17.935,38.283,0.089,0.09,0.02,1.49,0.05,0.23,0.0867507886435331
11,2015-12-01,8851.19647,9250.286622,2215.024527,4008.704804,102.36885,492249.3506,239501.2987,262109.0909,0.061774,0.031129,0.804032,0.206452,2.320161,0.015266,0.022065,0.010616,14.087,38.021,0.043,2.44,0.12,3.25,0.1,0.48,0.323343848580442
11,2015-12-15,9444.639076,9610.803006,1712.081919,522.229493,90.499997,442206.0606,230375.7576,220249.3506,0.060163,0.024653,0.888163,0.227755,5.297143,0.016468,0.02383,0.011011,15.431,37.94,0.316,0.89,0.1,1.83,0.07,0.51,0.16403785488959
11,2016-01-06,12730.82751,18067.36014,1310.024553,1045.942593,34.12295,619300.4329,271352.381,360664.9351,0.058776,0.028663,0.800322,0.252013,2.65942,0.013135,0.017891,0.010288,15.428,38.213,0.281,0.46,0.13,2.07,0.11,0.32,0.192429022082019
11,2016-01-18,3668.958912,4680.778556,618.663917,1522.180285,29.67213,493721.2121,255515.1515,247684.8485,0.061134,0.031336,1.025911,0.234008,2.350607,0.015634,0.022247,0.010626,13.78,38.31,0.057,3.52,0.18,3.24,0.11,0.16,0.399053627760252
11,2016-02-03,8274.073535,12582.46686,3158.598271,8410.565335,149.844258,568491.7749,358015.5844,227255.4113,0.054758,0.027581,0.580645,0.16371,2.464516,0.015246,0.018849,0.010711,13.76,38.126,0.273,1.3,0.14,2.35,0.05,0.8,0.28391167192429
11,2016-02-22,6170.319497,10011.37676,2284.754033,10760.59806,117.204915,677821.645,365492.6407,331816.4502,0.055945,0.02899,0.705212,0.170195,2.936482,0.014599,0.018798,0.010917,13.396,38.288,0.026,1.69,0.23,1.99,0.04,0.58,0.523659305993691
11,2016-03-02,5944.811307,6521.934241,1897.532733,8226.598127,183.967208,862981.8182,501198.2684,385627.7056,0.052202,0.027222,0.795837,0.165733,3.168135,0.014857,0.018144,0.011344,12.947,38.23,0.171,1.52,0.25,1.2,0.06,1.09,0.574132492113565
11,2016-03-14,16328.57331,6456.655554,3559.17203,15954.70446,330.844253,737461.4719,389395.671,362666.6667,0.064113,0.033151,0.897576,0.206411,3.001564,0.017606,0.023496,0.01258,13.379,38.23,0.039,1.46,0.21,2.6,0.03,0.68,0.460567823343849
11,2016-04-26,25960.2641,2946.641381,1036.012671,2277.998188,122.968863,826735.5468,176166.7054,652194.1026,0.053644,0.022464,0.920361,0.179564,2.821187,0.012031,0.021459,0.010274,14.048,38.047,0.092,1.02,0.31,2.19,0.03,0.29,0.386435331230284
11,2016-05-09,38865.84628,6418.974652,2193.457095,1881.423605,132.191528,527397.2603,140469.0039,386812.1662,0.054286,0.021128,1.180451,0.256391,3.905263,0.014877,0.026508,0.012172,15.351,38.201,0.033,0.38,0.01,2.4,0.03,0.34,0.217665615141956
11,2016-05-24,27660.30864,2245.718862,3630.655682,4983.313176,142.951303,665718.5976,213373.5779,452519.1549,0.050229,0.019847,1.098473,0.232061,3.496947,0.015041,0.025203,0.011789,15.588,38.169,0.049,0,0.01,2.5,0.02,0.47,0.624605678233438
11,2016-06-06,30155.03945,2579.271903,3816.646088,5920.950757,1091.34866,758300.4411,264221.0355,493673.0903,0.054197,0.021944,1.337997,0.215022,3.177467,0.015505,0.026426,0.011676,17.884,37.11,0.094,1.34,0.11,2.22,0.07,1.42,0.769716088328076
11,2016-06-22,17870.45003,1252.745293,1420.290368,2121.212888,59.947321,549860.6919,170942.6515,378918.0404,0.052341,0.021873,1.136608,0.267843,5.022256,0.015002,0.024733,0.011934,17.295,38.179,0.068,0.1,0.02,1.39,0.04,0.22,0.481072555205047
11,2016-07-04,20474.3157,1398.770817,2631.53367,3606.06191,109.134866,599605.2937,255978.6394,343974.9245,0.055793,0.020198,1.310976,0.256098,8.689024,0.016849,0.026823,0.011861,18.838,37.783,0.036,0.31,0.02,1.14,0.07,0.47,0.720820189274448
11,2016-07-20,12698.07222,1388.011042,1984.410028,2711.463431,450.373461,561353.6104,198572.0919,362955.6536,0.050336,0.020164,1.212845,0.242718,2.190441,0.015002,0.025409,0.011245,19.544,38.156,0.333,0.22,0.03,3.1,0.02,0.37,0.823343848580442
11,2016-09-08,43063.69585,2276.461078,1106.719768,1733.860969,104.523534,745936.847,216914.3255,529022.5215,0.043779,0.02224,1.250389,0.304821,4.044323,0.014295,0.025219,0.011315,22.893,38.317,0.662,0.5,0.02,1.97,0.02,0.16,0.348580441640379
11,2016-09-21,13385.16075,43633.96395,1586.298334,3793.589426,32.279327,546377.9893,173322.4983,380369.1665,0.048702,0.025573,0.833588,0.203817,4.280916,0.011676,0.018807,0.009363,15.374,38.14,0.006,0.15,0.03,1.83,0.03,0.22,0.365930599369085
11,2016-10-07,27440.50179,14571.81027,1956.742034,677.865858,153.711079,765323.8913,225156.7216,536974.6924,0.054391,0.023344,0.94376,0.231125,2.256549,0.013346,0.02324,0.010506,21.688,38.36,0.018,0.4,0.03,1.34,0.03,0.47,0.241324921135647
11,2016-10-18,24350.90911,15294.25234,1234.299963,381.203476,43.039102,536220.1068,145460.8776,387682.8419,0.050493,0.021152,0.970432,0.237301,4.293404,0.012602,0.023706,0.009891,20.109,38.279,0.076,0.14,0.01,1.92,0.03,0.2,0.0252365930599369
11,2016-11-02,30474.75849,11021.08435,3590.690802,2685.332547,209.047067,516658.9273,174483.3991,341885.303,0.048804,0.021151,1.334828,0.217489,3.210762,0.01522,0.026464,0.011477,18.647,37.297,0.047,0.52,0.01,1.44,0.03,1.58,0.0536277602523659
11,2016-11-15,18059.51465,23902.07276,2133.509774,3853.536746,109.134866,440619.9211,141165.5445,302879.0341,0.055217,0.030769,0.990099,0.239909,2.214775,0.012246,0.021523,0.009399,14.899,38.183,0.054,0.9,0.04,1.34,0,0.5,0.274447949526814
11,2016-12-02,10644.49221,7763.946592,1432.587255,886.912925,75.318429,572382.1686,143255.166,429475.2728,0.056394,0.030431,0.909091,0.256549,2.209553,0.011926,0.022898,0.009582,16.569,38.184,0.163,0.2,0.06,1.69,0.02,0.28,0.141955835962145
11,2016-12-12,11932.59105,8139.001624,1231.225741,4214.757782,142.951303,706292.0827,189749.2454,516542.8372,0.055058,0.029575,1.057915,0.213127,2.143629,0.012088,0.022479,0.009598,15.897,38.159,0.07,0.35,0.16,1.65,0.02,0.29,0.184542586750789
11,2017-01-04,10627.58399,11857.27262,1257.356625,6989.242755,147.562636,665138.1472,169491.5254,496052.9371,0.054109,0.03124,0.808527,0.199225,2.20155,0.011613,0.021909,0.009382,14.941,38.227,0.033,0.37,0.32,1.76,0.12,0.39,0.22397476340694
11,2017-01-18,9723.762847,14628.68337,1351.120383,3550.725921,70.707096,434641.2816,109647.0861,325574.6459,0.054637,0.029598,0.839258,0.196291,2.404173,0.011793,0.021984,0.00954,13.89,38.204,0.055,1.3,0.11,1.8,0.01,0.34,0.375394321766562
11,2017-02-01,4599.035479,7568.733522,1378.788377,5648.882147,79.929761,365973.9958,92930.11377,273624.3325,0.052591,0.027058,0.828506,0.200457,2.660823,0.011719,0.021038,0.009575,13.595,38.218,0.065,1.26,0.18,1.81,0.21,0.45,0.414826498422713
11,2017-02-15,7645.589061,12993.19749,1816.864952,9863.639929,161.396633,574355.7,152368.2378,422103.5524,0.052668,0.02721,0.862043,0.190549,3.577744,0.011853,0.020227,0.009763,13.284,38.25,0.113,1.48,0.25,1.56,0.05,0.58,0.56782334384858
11,2017-03-01,2847.173126,5398.604238,820.72784,3814.896998,68.248157,483374.8881,227211.4672,260134.3871,0.051007,0.023843,0.843767,0.191072,2.344039,0.011269,0.01209,0.010597,13.475,38.259,0.128,0.94,0.2,1.66,0.04,0.18,0.419558359621451
11,2017-03-15,9468.994337,1847.950105,4849.119074,26048.0467,1156.718769,1295256.982,732318.3704,594128.7459,0.051128,0.028564,1.247111,0.119428,4.2306,0.012388,0.013881,0.010672,13.233,36.819,0.027,5.48,0.64,4.5,0.07,1.71,0.402208201892744
11,2017-04-26,43531.82464,5661.09715,2976.66963,3744.898888,3.499906,519763.3785,189017.9921,320348.6749,0.052731,0.020443,1.302866,0.236344,9.789075,0.015714,0.021053,0.013233,14.787,38.171,0.034,0.09,0,1.06,0.03,0.45,0.260252365930599
11,2017-07-04,38680.95561,3302.160842,2631.928938,4402.881122,209.99433,882709.6911,384606.1283,485540.8697,0.050391,0.020427,0.988015,0.196978,3.164669,0.014776,0.019627,0.011791,17.076,38.119,0.039,0.02,0,1.04,0.03,0.28,0.787066246056782
11,2017-07-19,16145.06408,673.731809,1142.719147,1154.968816,89.24759,601420.8839,229594.0469,364606.8984,0.05086,0.018499,1.034393,0.269932,2.922876,0.015865,0.021654,0.013008,22.82,38.248,1.056,0.41,0.02,1.93,0.07,0.16,0.826498422712934
11,2017-08-30,24168.59745,1905.698546,661.48214,3841.146289,1.749953,674775.4599,261867.1724,404099.9625,0.043354,0.018692,1.893043,0.566459,23.364486,0.016316,0.022481,0.013233,23.424,38.211,0.116,0.02,0,1.28,0.02,0.16,0.899053627760252
11,2017-09-06,31735.39314,9432.245329,3870.895486,6007.587795,279.99244,1007614.629,457744.1061,535430.6453,0.050205,0.018373,0.786592,0.178608,2.470829,0.014211,0.018346,0.011429,18.244,37.176,0.042,0.92,0.02,2.17,0.05,0.5,0.845425867507886
11,2017-09-18,20763.18939,21960.15708,1581.957287,2210.190325,1.749953,877872.3322,203457.8693,683944.7819,0.060291,0.023805,1.121622,0.241164,45.530146,0.015113,0.024286,0.013083,15.329,38.184,0.02,0.04,0.01,1.38,0.02,0.26,0.515772870662461
11,2017-10-11,19573.22152,10312.47156,1097.220375,1984.44642,1.749953,624885.6843,215803.9642,400562.1926,0.049295,0.020627,0.957702,0.25483,28.198433,0.013864,0.020682,0.011136,18.117,38.258,0.208,0.1,0.02,1.33,0.02,0.1,0.67981072555205
11,2017-10-18,31268.15576,6390.827448,1028.972218,985.223399,20.999433,715351.5147,229594.0469,474133.3667,0.051569,0.020502,0.833159,0.224895,9.100418,0.012803,0.018788,0.010682,19.759,38.326,0.034,0.02,0,1.2,0.02,0.12,0.0615141955835962
11,2017-11-02,23970.85279,15481.83199,1119.969761,1126.969572,22.749386,679901.6163,216742.5562,454206.3362,0.054208,0.020289,0.816211,0.252452,4.336603,0.013308,0.020752,0.010752,18.483,38.359,0.04,0.02,0,1.17,0.01,0.14,0.181388012618297
11,2017-11-16,10625.71311,17300.0329,1179.468154,2623.179174,52.498583,471028.7931,180281.8664,283960.1844,0.058855,0.026431,1.079187,0.249866,4.780631,0.011866,0.01597,0.009851,14.992,38.248,0.031,1.57,0.05,1.75,0.03,0.29,0.26813880126183
11,2017-11-29,15228.08884,18899.48971,1898.698735,927.474958,66.498205,592251.5619,235442.1972,346268.2544,0.055937,0.024169,0.860686,0.241161,2.924011,0.012197,0.015833,0.010227,15.489,38.254,0.08,0.58,0.05,1.65,0.06,0.29,0.198738170347003
11,2017-12-13,7974.534688,14302.36384,946.724438,1828.700625,96.247401,579255.6725,242084.5407,327135.4172,0.060463,0.028917,0.986856,0.243954,2.473712,0.01218,0.015038,0.010376,14.233,38.17,0.094,0.95,0.07,1.79,0.07,0.46,0.271293375394322
11,2018-02-07,4189.386887,2866.422607,1289.715178,10891.70592,82.247779,894405.9916,357675.7574,516442.2068,0.052329,0.029566,0.784929,0.18472,2.274202,0.011429,0.012932,0.010451,12.935,38.198,0.065,3.18,0.32,2.21,0.07,0.43,0.569400630914827
11,2018-02-21,6667.319982,4640.874696,3107.916086,17004.29088,216.994141,575356.9056,251759.2584,312117.9449,0.051522,0.027807,0.711962,0.180483,2.733998,0.011866,0.012985,0.011045,13.048,38.324,0.176,2.32,0.19,2.01,0.07,0.17,0.570977917981073
11,2018-03-09,18647.49652,5018.864491,3527.904747,23452.86677,223.993952,697518.2664,330600.9877,351033.4139,0.048392,0.023444,0.725622,0.154564,3.348029,0.011353,0.01203,0.010752,12.997,38.317,0.049,2.15,0.1,2.09,0.06,0.54,0.547318611987382
11,2018-03-21,9043.755819,1842.700247,1461.210547,6896.563793,152.245889,652826.8466,317316.3007,323308.8497,0.04869,0.021908,0.925577,0.174528,2.6913,0.011504,0.01188,0.011053,13.053,38.333,0.129,2.52,0.19,1.94,0.08,0.52,0.548895899053628
11,2018-04-19,124457.4836,5215.780056,8892.333282,13125.94003,1225.517742,1244192.787,422019.248,832850.2868,0.050512,0.012017,0.848135,0.167052,2.121492,0.014708,0.020079,0.012598,14.752,38.015,2.124,1.16,0.28,2.08,0.08,1.23,0.589905362776025
11,2018-05-31,25680.16723,1567.079505,3142.954592,1594.932181,510.143749,463191.8575,228431.2639,238788.3489,0.059006,0.032574,0.998965,0.241201,4.858523,0.018036,0.025858,0.012735,20.101,37.659,0.014,0,0.02,0.93,0.04,0.57,0.908517350157729
11,2018-06-12,26105.28702,861.967024,2316.169895,932.331679,83.558028,473996.4709,216347.9981,257648.4729,0.066479,0.012381,1.120647,0.256771,3.83433,0.018722,0.026068,0.014236,21.472,37.955,0.178,0.06,0,1.21,0.02,0.17,0.976340694006309
11,2018-06-27,23393.31594,927.933889,3018.350516,1193.267275,172.979777,574498.5551,211169.4555,369210.9009,0.059089,0.011992,0.994439,0.254084,3.168231,0.017698,0.027002,0.013859,22.33,38.072,0.281,0.16,0.02,1.36,0.01,0.33,0.94794952681388
11,2018-07-11,20311.93042,1152.221226,2650.402007,1770.843819,172.979777,551291.0128,202474.6187,349711.4508,0.058107,0.014475,1.029228,0.255045,2.955115,0.015968,0.024373,0.012542,20.779,38.099,0.088,0.08,0,1.2,0,0.17,0.891167192429022
11,2018-07-25,34641.39924,796.00016,2231.145937,1679.956139,189.105011,694180.4264,266023.6465,428604.3082,0.052632,0.020772,0.742105,0.218246,2.867018,0.016316,0.024507,0.012705,21.349,38.087,0.101,0.08,0.01,1.26,0.01,0.29,0.88801261829653
11,2018-08-01,44167.01442,628.884105,2706.107359,724.169575,205.230244,660104.338,264936.7919,403095.1914,0.049065,0.029968,0.93611,0.285916,4.648076,0.018188,0.027475,0.013802,25.078,38.098,0.023,0.01,0,0.82,0.04,0.08,0.988958990536278
11,2018-08-28,23557.50014,7531.949951,2956.781442,5922.358467,76.228376,639390.168,300802.9938,345108.3019,0.054063,0.020893,0.762121,0.190443,2.461807,0.014203,0.018123,0.01144,17.283,38.121,0.02,0.04,0.01,1.47,0.02,0.23,0.79179810725552
11,2018-09-12,21706.03015,1394.099728,1212.324369,709.510272,4.397791,475211.1908,113032.8784,366973.2591,0.058451,0.02007,0.999296,0.288732,56.820423,0.01646,0.031048,0.013555,24.048,38.378,0.061,0.04,0,1.48,0,0.07,0.531545741324921
11,2018-10-11,16726.26488,4572.236648,708.044342,278.52676,4.397791,616310.4909,230413.1752,385769.4504,0.065642,0.024895,1.047137,0.336941,28.161313,0.01296,0.018441,0.01051,21.92,38.255,0.534,0.19,0.01,1.45,0.03,0.14,0.00473186119873817
11,2018-10-23,57105.31537,11626.29332,1545.090551,691.919108,118.740355,699998.2951,243647.2283,463831.1838,0.054584,0.020854,0.908677,0.254024,2.909027,0.013279,0.020886,0.010507,20.788,38.291,0.03,0.03,0,1.51,0.01,0.2,0.00946372239747634
11,2018-11-08,11331.64132,4554.645484,819.455045,407.528627,70.364655,568488.8885,173449.2077,396510.1312,0.062829,0.026606,1.208845,0.279045,3.35802,0.012221,0.018846,0.010034,19.125,38.129,0.135,0.2,0.03,1.53,0.01,0.22,0.0457413249211356
11,2018-11-21,17208.55595,7685.872634,882.490049,554.121659,65.966864,688746.1534,233098.3454,453090.503,0.060937,0.029588,1.101796,0.252906,2.656569,0.01219,0.018029,0.010009,18.424,37.851,0.143,0.22,0.05,1.6,0.02,0.13,0.0520504731861199
11,2018-12-05,13709.38029,12373.91778,1039.344592,1621.318927,80.626167,474891.5276,169932.9134,306173.3341,0.061555,0.027471,0.910658,0.220893,3.179388,0.012699,0.017613,0.010402,16.696,38.094,0.057,0.2,0.06,1.33,0.01,0.19,0.130914826498423
11,2018-12-20,15685.45436,11531.00785,960.184355,832.648418,65.966864,579932.8281,158808.6369,419845.5388,0.059691,0.028511,1.011236,0.235253,2.692416,0.011952,0.018692,0.010109,16.057,38.14,0.073,0.31,0.11,1.24,0.02,0.26,0.159305993690852
11,2019-01-11,10248.31882,7888.171017,1078.924711,1347.189958,49.841631,517342.7897,149090.8781,370169.8903,0.058803,0.027441,0.9972,0.228211,2.186909,0.011646,0.016738,0.009992,14.612,38.163,0.045,1.08,0.12,1.16,0.02,0.38,0.258675078864353
11,2019-01-22,7465.983087,8382.189533,1282.689024,3651.632411,159.786404,508967.616,127161.9882,389221.8121,0.060042,0.024754,0.970857,0.221559,4.264396,0.012327,0.018139,0.010858,13.918,38.163,0.233,0.73,0.12,1.19,0.03,0.71,0.313880126182965
11,2019-02-06,4018.11499,4946.048878,1141.959714,4582.49816,149.524892,472206.3575,197232.1436,283669.0506,0.061088,0.026871,0.948093,0.222458,2.174082,0.011652,0.013817,0.010252,13.332,38.185,0.065,1.15,0.17,1.19,0.03,0.42,0.454258675078864
11,2019-02-19,10776.05374,7732.782404,1744.457073,12346.0651,137.79745,501231.7685,186299.665,316210.756,0.056288,0.027574,0.692198,0.173851,3.23762,0.01293,0.016879,0.010828,13.486,38.112,2.826,1.02,0.2,1.15,0.06,0.13,0.38801261829653
11,2019-03-05,6195.021505,4113.40046,1835.344753,8270.778829,55.705352,568552.8211,126522.662,449510.2761,0.055185,0.026221,0.773989,0.180668,3.969772,0.011998,0.017104,0.010849,13.581,38.147,0.104,1.02,0.26,1.84,0.02,0.28,0.39589905362776
11,2019-03-20,16285.4929,2751.94961,1583.433313,16196.76065,187.462508,807648.4018,324013.9348,485897.8901,0.051159,0.02453,1.234805,0.170529,4.416266,0.012215,0.014497,0.01094,13.391,38.228,0.153,2.7,0.25,2.1,0.08,0.52,0.468454258675079
11,2019-08-01,34560.58788,4140.421916,1297.240552,2695.710858,2.4995,671055.7393,331837.5059,340792.7885,0.053833,0.018992,0.97416,0.256675,59.862188,0.013851,0.017568,0.011014,18.319,38.036,0.016,0,0,1.31,0.02,0.13,0.883280757097792
11,2019-08-20,15856.82863,2394.521096,883.573285,928.564287,193.711258,540367.6586,240070.4613,301674.9331,0.058194,0.021823,1.11211,0.241335,2.421481,0.015743,0.021554,0.01223,22.738,38.08,0.32,0.08,0.02,1.25,0.03,0.14,0.884858044164038
11,2019-09-03,41295.4909,5391.421716,949.810038,2523.245351,8.74825,894691.7808,387586.6005,509417.8082,0.050195,0.019818,1.482475,0.319342,50.194721,0.014595,0.021081,0.011081,21.46,38.134,0.019,0,0,1.03,0.02,0.21,0.954258675078864
11,2019-10-31,63007.39852,9598.080384,3599.280144,3575.534893,122.475505,758689.5764,344483.1523,415780.9794,0.054865,0.02246,1.575654,0.296614,3.780111,0.016463,0.023333,0.012313,19.403,37.206,0.054,0.3,0.02,1.65,0.06,1.77,0.0362776025236593
11,2019-11-13,18235.10298,26277.24455,1613.427315,3393.071386,149.970006,536775.7046,220437.7263,317026.8462,0.05824,0.030716,1.206644,0.223037,2.697584,0.012215,0.016174,0.01,15.41,38.155,0.033,0.5,0.08,1.35,0.02,0.28,0.282334384858044
11,2019-11-26,9419.366127,7321.035793,868.576285,752.34953,78.734253,530231.4596,222455.1252,308957.2508,0.06328,0.028455,1.138183,0.259148,1.913904,0.012416,0.016174,0.010336,16.878,38.028,0.185,0.18,0.06,1.25,0,0.19,0.124605678233438
11,2019-12-04,17512.74745,12501.24975,1623.425315,3201.859628,142.471506,581502.9129,262261.8485,320225.1614,0.055484,0.025096,1.006402,0.226633,2.409731,0.012905,0.016689,0.010541,16.475,37.741,1.176,1.07,0.14,2.02,0.06,0.4,0.138801261829653
11,2019-12-19,11661.41772,7469.756049,1062.287542,10984.05319,291.191762,665101.9524,294638.6396,371693.4341,0.055768,0.027842,1.191145,0.197531,2.16688,0.012081,0.014832,0.010201,15.2,37.136,0.019,3.16,0.42,3.92,0.05,0.66,0.152996845425868
11,2020-01-07,6629.924015,5786.342731,973.555289,5201.459708,127.474505,655851.4407,257341.3636,400330.6566,0.055938,0.029174,1.135542,0.193201,2.070138,0.011333,0.014667,0.0096,14.872,37.943,0.006,0.94,0.23,1.95,0.02,0.36,0.211356466876972
11,2020-01-24,7860.927814,6105.028994,826.084783,5492.65147,214.957009,564773.2641,213745.8668,352798.7718,0.056507,0.026798,1.111301,0.201627,3.234161,0.010872,0.012819,0.009866,14.35,38.055,0.086,0.45,0.29,1.39,0.04,0.45,0.304416403785489
11,2020-02-06,4469.106179,2329.534093,1028.544291,5568.886223,94.981004,579436.3092,224570.9337,356095.4968,0.057303,0.027143,1.251616,0.189573,3.226626,0.011409,0.013691,0.010201,13.937,38.123,0.021,1.7,0.19,1.96,0.06,0.22,0.358044164037855
11,2020-06-10,44069.1692,2147.623317,1370.986354,3847.952762,1.531828,779145.8672,299893.3422,480449.704,0.05066,0.03096,1.058161,0.25188,8.20826,0.01248,0.01584,0.01073,14.771,38.089,0.035,0.09,0.14,1.46,0.01,0.1,0.422712933753943
11,2020-09-15,34006.5889,1482.809822,1749.347952,1914.785411,3.063657,569585.1231,267678.3434,303539.2965,0.05114,0.02713,1.041667,0.23864,1.12926,0.015,0.01956,0.01184,23.902,38.134,0.042,0.03,0,2.32,0.04,0.17,0.796529968454259
11,2020-10-01,7021.90106,5174.516095,2423.352417,12965.39498,91.9097,635756.472,302940.707,333740.8579,0.05747,0.03448,0.96797,0.20961,2.20301,0.0125,0.01507,0.01059,14.671,38.164,0.043,1.6,0.14,1.93,0.03,0.73,0.518927444794953
11,2020-10-13,7219.506915,24317.77472,1254.567401,5131.624902,1.531828,561694.625,256468.3945,306151.3234,0.0601,0.0381,1.103644,0.20871,0.80786,0.01184,0.01419,0.01015,14.466,38.176,0.088,1.39,0.07,1.33,0.02,0.17,0.277602523659306
11,2020-10-28,28158.06834,12822.93494,1778.45269,857.823864,42.891193,734469.3232,307729.423,427991.4964,0.05553,0.0234,0.893213,0.19079,4.04651,0.0125,0.0164,0.01029,18.25,37.99,0.041,0.11,0.02,1.03,0.01,0.17,0.0962145110410095
11,2020-11-10,25564.68298,6830.422519,961.988191,654.090697,1.531828,596412.8163,235028.0067,362473.1542,0.05874,0.02331,1.094742,0.31407,118.90099,0.01287,0.01787,0.01037,18.326,37.93,0.046,0.04,0.02,0.8,0.02,0.13,0.0646687697160883
11,2020-12-01,16986.44434,15564.90765,1205.548895,712.300173,1.531828,568932.1163,242918.5048,327646.1284,0.05444,0.02779,1.075454,0.29226,47.18243,0.01206,0.01581,0.00985,15.965,38.04,0.043,0.12,0.02,0.82,0.02,0.17,0.189274447949527
11,2021-01-06,11278.85199,11343.18878,1470.555196,5824.011307,104.164326,541560.2508,256849.3151,286180.2008,0.05771,0.03212,1.076632,0.21476,2.40539,0.01255,0.01482,0.0108,13.874,38.021,0.097,0.79,0.22,1.54,0.02,0.39,0.33596214511041
11,2021-01-19,4983.037554,5326.1671,1280.608483,7406.389971,85.782386,417380.137,199493.557,217995.4144,0.05726,0.03213,0.827733,0.19735,2.86465,0.01226,0.01416,0.0108,13.514,38.126,0.053,1.37,0.23,1.46,0.03,0.22,0.452681388012618
11,2021-02-04,3771.361346,2067.968244,2383.52488,6372.405849,65.868618,579489.0585,284003.5117,296845.9775,0.056,0.03294,0.782118,0.16094,2.60612,0.01145,0.01297,0.01022,13.026,37.861,0.01,2.06,0.33,2.63,0.05,0.43,0.34384858044164
11,2021-02-15,12050.89346,3645.751423,6004.76705,18699.02841,451.889357,1011398.595,539111.4755,475987.4913,0.04884,0.03186,0.793741,0.14699,2.87862,0.01168,0.01248,0.0108,12.389,37.425,0.015,2.81,0.41,2.69,0.27,0.97,0.310725552050473
11,2021-02-26,38242.09423,1890.276158,2313.060777,18395.7264,477.930439,1839955.305,972218.1913,873178.8368,0.04502,0.03142,1.181517,0.15261,4.0654,0.01294,0.01375,0.01206,12.477,36.84,0.023,4.44,0.54,3.87,0.09,0.41,0.288643533123028
11,2021-03-10,32700,7510,2970,10800,292,1010000,419000,588000,0.04553,0.02249,0.95768,0.14631,3.43954,0.01184,0.01385,0.01051,13.453,37.982,0.101,0.76,0.35,1.79,0.04,0.52,0.340694006309148
11,2021-03-23,24700,4030,1990,20200,252,812000,334000,474000,0.04616,0.02089,0.82704,0.14129,2.743,0.01116,0.01249,0.01022,13.404,38.232,0.068,1.45,0.19,2.27,0.05,0.47,0.443217665615142
11,2021-04-14,14000,2390,2840,7080,96.8,655000,219000,431000,0.05183,0.02052,0.80024,0.16626,2.94884,0.01198,0.01349,0.01125,13.586,38.21,0.118,0.77,0.16,2.25,0.04,0.39,0.406940063091483
11,2021-04-21,27400,1510,1790,5910,285,620000,246000,369000,0.05055,0.02389,1.02518,0.15909,2.46683,0.01399,0.01715,0.01211,14.249,38.192,1.082,0.54,0.13,1.72,0.05,0.43,0.417981072555205
11,2021-05-03,40500,3310,5100,4020,465,755000,375000,374000,0.05519,0.02063,1.18132,0.20879,3.71978,0.01637,0.02125,0.01254,15.106,38.095,0.097,0.07,0.05,1.24,0.05,0.43,0.580441640378549
11,2021-05-20,49500,2690,2010,4820,96.8,816000,311000,5e+05,0.05338,0.02322,0.96744,0.20086,3.96683,0.01229,0.01546,0.0106,14.279,38.177,0.021,0.41,0.17,1.85,0.04,0.26,0.537854889589905
11,2021-08-25,23500,5880,896,1440,2.69,651000,261000,386000,0.04898,0.02805,1.1195,0.25944,50.82663,0.01399,0.0191,0.01128,20.711,38.181,0.008,0.04,0,1.26,0.01,0.14,0.869085173501577
11,2021-09-07,40300,9940,2140,1350,2.69,584000,236000,345000,0.04759,0.02401,1.03086,0.24877,54.69198,0.01381,0.01904,0.01102,23.018,38.286,0.014,0.13,0,2.42,0.02,0.25,0.859621451104101
11,2021-10-05,16200,9740,1570,429,72.6,555000,201000,351000,0.05435,0.02125,1.01729,0.25263,2.8147,0.01255,0.01777,0.01021,21.174,38.249,0.064,0.09,0,0.89,0.01,0.18,0.829652996845426
11,2021-11-16,15100,11100,1220,242,17.5,579000,213000,362000,0.05991,0.02368,0.88626,0.20323,2.52579,0.01198,0.01637,0.00993,17.707,38.175,0.191,0.14,0.01,0.93,0.01,0.31,0.0899053627760252
11,2021-12-07,5670,4620,784,3450,68.6,655000,289000,364000,0.05944,0.02565,0.97764,0.20373,2.67391,0.01156,0.01478,0.00942,14.701,38.029,0.033,1.12,0.07,1.77,0.08,0.39,0.279179810725552
11,2021-12-14,24200,18200,1440,666,56.5,557000,221000,334000,0.06196,0.02547,1.11519,0.29141,4.66812,0.0117,0.01553,0.00966,15.432,38.187,0.028,0.47,0.06,1.13,0.07,0.25,0.490536277602524
11,2022-01-04,9790,12500,1390,3810,69.9,589000,222000,365000,0.05752,0.02683,0.88634,0.20248,2.07702,0.01102,0.01345,0.00963,14.682,38.123,0.012,0.32,0.29,1.36,0.02,0.25,0.247634069400631
11,2022-01-18,10400,13400,1540,4090,57.8,513000,207000,303000,0.05582,0.02915,0.77908,0.19554,2.66337,0.01136,0.01379,0.00982,14.158,38.178,0.089,0.85,0.15,1.19,0.04,0.34,0.290220820189274
11,2022-02-03,3460,3640,1260,3910,74,548000,236000,310000,0.05703,0.03165,0.98259,0.20211,2.85199,0.0106,0.0112,0.01,13.192,38.118,0.04,1.4,0.27,1.86,0.05,0.52,0.563091482649842
11,2022-02-16,4590,4030,1090,6800,124,701000,322000,375000,0.05292,0.02829,0.69851,0.16687,2.7804,0.01061,0.01131,0.00997,13.292,38.249,0.052,1.18,0.18,1.31,0.03,0.62,0.471608832807571
11,2022-03-04,11345.24085,6343.438397,1441.110854,6474.796289,87.997034,679939.7511,385391.3745,295226.6988,0.047221,0.023319,0.772056,0.150991,2.218616,0.010381,0.010426,0.010291,13.342,38.278,0.044,1.43,0.22,1.58,0.04,0.49,0.477917981072555
11,2022-03-30,15741.26661,1321.230836,6936.46189,8184.999524,494.823904,617951.5365,394418.2778,225098.6176,0.046311,0.020604,0.596154,0.1354,2.139325,0.0149,0.017023,0.01174,13.812,38.178,1.647,1.63,0.22,1.37,0.11,0.73,0.498422712933754
11,2022-04-12,18673.22578,748.612453,4861.517324,15139.31588,290.77281,992855.006,508950.3746,485365.6331,0.047779,0.02231,0.740178,0.154985,1.954393,0.011219,0.012082,0.010356,13.231,38.297,0.039,1.73,0.43,2.23,0.05,1.04,0.466876971608833
11,2022-09-06,35025.37035,1691.073445,1225.581886,693.773721,1.275319,556954.7159,275294.4614,282234.2194,0.056162,0.022028,1.077992,0.268903,0.569954,0.015156,0.019883,0.011633,25.479,38.436,0.131,0.13,0.01,0.95,0.04,0.06,0.165615141955836
11,2022-09-20,17088.00384,33173.60667,2595.274857,3355.365183,1.275319,689227.5475,349022.8682,340830.823,0.049692,0.022063,0.698271,0.163586,1.302524,0.011891,0.014103,0.009955,15.675,38.174,0.043,0.22,0.03,0.95,0.02,0.25,0.266561514195584
11,2022-10-11,38679.16026,11169.24678,1518.905334,904.201412,1.275319,698515.344,298357.4167,401358.0359,0.056107,0.019486,1.008305,0.247924,50.789548,0.013051,0.017709,0.010422,20.72,38.238,0.159,0.14,0.02,0.95,0.02,0.16,0.026813880126183
11,2022-11-15,30584.70841,20646.14479,1135.034213,494.823904,1.275319,676182.8896,275346.64,402662.5017,0.059474,0.021097,1.060679,0.288326,1.599357,0.012642,0.016933,0.010356,19.351,38.285,0.111,0.1,0.02,0.68,0.02,0.23,0.0378548895899054
11,2022-11-28,35404.1402,33787.03527,1142.686129,1808.402824,79.069799,624891.2945,284686.6151,341456.9665,0.052653,0.024132,1.102513,0.281412,2.328281,0.01215,0.015768,0.009739,16.296,38.289,0.033,0.16,0.03,0.82,0.01,0.31,0.238170347003155
11,2022-12-13,7639.162846,7174.946607,738.409898,548.387316,22.955748,525386.6437,258649.4779,267624.2025,0.058625,0.029213,0.977742,0.304054,2.28597,0.01179,0.013833,0.010119,15.975,38.251,0.13,0.39,0.08,0.84,0.01,0.15,0.17192429022082
11,2023-01-04,12362.94568,10309.68154,879.970345,987.097169,22.955748,402714.6803,224733.3672,178190.0276,0.051083,0.024051,0.916716,0.250248,2.098986,0.010759,0.011679,0.009702,15.814,38.202,0.092,0.17,0.12,0.89,0.01,0.19,0.175078864353312
11,2023-02-03,4707.203684,4356.490865,956.489505,4040.211669,84.171076,490740.0321,282860.363,208036.205,0.054135,0.026968,0.986816,0.193767,2.231922,0.010631,0.011374,0.009656,13.864,38.199,0.04,0.95,0.2,0.9,0.02,0.42,0.345425867507886
11,2023-02-14,3597.675858,2315.979921,1650.263226,7706.754771,116.05406,513437.737,334256.3154,179024.8857,0.052172,0.025789,0.742115,0.154731,2.700853,0.010556,0.010741,0.010232,13.638,38.202,0.046,0.55,0.21,0.9,0.04,0.46,0.405362776025237
11,2023-02-23,7368.795146,3482.897117,2643.736992,7016.807008,114.778741,686514.2587,409132.652,277851.2144,0.049088,0.025847,0.832098,0.162292,2.008215,0.011198,0.011664,0.010544,13.693,38.213,0.045,0.61,0.17,1.01,0.02,0.42,0.342271293375394
11,2023-03-16,16928.58892,5014.555645,1884.921984,11161.59486,193.84854,1112918.038,565459.8329,548293.063,0.048639,0.02502,0.748199,0.152522,3.181545,0.010897,0.011453,0.010387,13.413,38.267,0.017,0.92,0.39,1.33,0.02,0.35,0.43217665615142
11,2023-07-06,53765.73761,18925.68564,1443.811012,4367.933877,2.027824,995057.1238,400040.2085,583630.2756,0.049697,0.039822,1.039822,0.219815,31.064989,0.013752,0.019269,0.010957,17.765,38.182,0.012,0.04,0.02,2.27,0.05,0.04,0.851735015772871
11,2023-09-05,22269.56817,4666.024072,1095.025206,1044.329594,6.083473,454841.6616,202047.862,248114.3586,0.059735,0.020512,1.349874,0.273388,38.560367,0.016386,0.022358,0.012787,23.285,38.371,0.188,0.36,0.07,1.54,0.02,0.16,0.391167192429022
11,2023-09-19,26195.43631,4349.683457,1370.809332,754.350697,2.027824,485881.9533,156033.3592,326572.9854,0.067405,0.020665,1.125,0.280696,18.458228,0.016574,0.027271,0.013033,23.852,38.321,0.143,0.08,0.04,1.4,0.02,0.2,0
11,2023-10-05,55933.48195,11852.63394,553.596076,3015.374965,16.222596,799196.5227,323973.296,465864.3447,0.049421,0.017047,2.670316,0.615577,28.742884,0.015208,0.021306,0.01212,21.847,38.298,0.022,0.04,0.03,0.74,0.01,0.31,0.905362776025237
11,2023-10-17,35608.59744,16946.52897,626.597757,1618.203915,4.055649,780998.6967,293244.967,479018.7732,0.052283,0.018142,2.822047,0.491969,22.006299,0.014621,0.020931,0.011774,20.661,38.143,0.01,0.16,0,0.55,0.01,0.51,0.872239747634069
11,2023-11-14,19489.42084,8774.396418,2200.189534,10110.73273,803.018484,1162841.079,477822.9161,668692.1136,0.058603,0.025031,1.413653,0.184227,2.113778,0.01203,0.01594,0.00985,16.364,37.696,0.013,0.93,0.24,2.19,0.04,0.85,0.73186119873817
11,2023-12-12,16044.14709,15421.60498,1516.812693,2175.855641,194.671148,535380.0399,233192.1413,293712.9111,0.056952,0.023831,1.10245,0.217308,3.101177,0.011218,0.013431,0.009844,14.891,38.217,0.032,0.47,0.08,0.97,0.04,1.28,0.219242902208202
11,2024-01-16,10583.21583,16005.61843,1291.724178,4759.303997,115.585994,524097.3878,210262.8806,306347.4017,0.061295,0.027583,0.981043,0.211058,2.51722,0.011723,0.013752,0.010521,14.21,38.263,0.047,1.01,0.24,1.38,0.06,0.34,0.506309148264984
11,2024-01-30,6884.464026,8565.530499,1778.402047,8770.340769,137.892063,469555.9037,213538.4893,248946.2592,0.057935,0.026669,0.787154,0.183249,3.075567,0.011797,0.013451,0.01052,14.098,38.242,0.087,1.04,0.29,1.56,0.03,0.54,0.296529968454259
11,2024-02-15,4704.552736,5177.035834,1898.04369,9011.651879,117.613818,590441.4619,252429.843,329172.6748,0.054945,0.027316,0.982104,0.183987,3.823234,0.011119,0.011951,0.010514,13.983,38.272,0.118,1,0.24,1.34,0.03,0.48,0.312302839116719
11,2024-02-29,32793.97709,21667.30431,1196.416429,13316.7232,243.338935,1039563.807,437891.6865,583058.344,0.052682,0.022733,0.993295,0.152299,2.296296,0.011268,0.012176,0.010663,13.989,38.257,0.026,0.73,0.28,1.29,0.02,0.28,0.32807570977918
11,2024-03-14,29942.85591,10141.1501,2563.170111,21302.2959,545.484778,687461.8712,285341.9112,393229.0222,0.05636,0.025409,0.784635,0.153967,2.213476,0.013082,0.014736,0.011954,13.788,37.98,0.664,2.25,0.32,1.75,0.07,0.46,0.332807570977918
11,2024-04-15,69807.84546,3047.600404,4093.12755,3103.21355,676.255856,1115598.886,466421.1852,642023.1236,0.05378,0.01914,1.033217,0.207529,2.878836,0.018498,0.031141,0.012728,16.129,37.974,0.025,0.05,0.07,1.92,0.03,0.31,0.585173501577287
11,2024-05-07,22770.24652,3181.071955,3788.367509,4061.984188,218.003533,785114.664,421375.9683,357728.8511,0.050495,0.017482,0.850112,0.163631,2.099073,0.019249,0.02757,0.012692,15.371,38.074,0.123,0.47,0.07,1.36,0.06,0.2,0.233438485804416
11,2024-06-03,30869.74511,5821.584129,1305.796669,1895.296018,113.450818,944461.4034,415366.1236,522341.3592,0.059948,0.018924,1.102398,0.212249,3.697991,0.017244,0.027438,0.012063,15.996,37.298,0.023,0.02,0.01,1.27,0.05,0.17,0.354889589905363
11,2024-08-20,36546.73506,6275.387401,1192.345851,1421.472013,2.224526,930781.8522,482161.2546,441065.3642,0.06441,0.019849,1.254354,0.285245,82.630956,0.020394,0.031611,0.012746,22.931,38.299,0.027,0.19,0,0.95,0.01,0.17,0.930599369085173
11,2024-09-18,21766.98537,14432.72366,811.951932,954.321586,4.449052,671957.8739,366829.473,301350.7841,0.06091,0.019143,1.162316,0.280455,49.298193,0.023481,0.039586,0.012546,20.229,38.26,0.033,0.06,0.01,1.03,0.01,0.11,0.239747634069401
11,2024-10-09,19867.2403,15471.57723,1078.895034,934.300854,44.490517,810298.7751,387835.3112,417655.5882,0.067227,0.019563,1.19395,0.236303,3.315966,0.020693,0.037129,0.012092,19.745,38.162,0.05,0.06,0.01,1.08,0.01,0.17,0.0630914826498423
11,2024-10-24,74310.28576,22405.42428,3892.920224,2983.089155,144.59418,1235452.36,656732.9339,571221.4294,0.050842,0.018754,1.527946,0.323906,4.901347,0.02283,0.036458,0.013368,20.047,37.667,0.016,0.09,0.01,0.89,0.01,0.98,0.0331230283911672
11,2024-11-07,64339.96094,21003.973,1390.328651,687.378485,46.715043,986759.2628,379421.5286,601900.2557,0.0625,0.019122,0.997973,0.302027,2.403378,0.017624,0.031723,0.012294,19.926,38.064,0.04,0.09,0,1.02,0.02,0.42,0.0189274447949527
11,2024-11-21,23566.62677,12321.64864,1401.451281,1261.306153,82.307456,1000667.761,450223.2228,542545.8847,0.060278,0.024314,1.033525,0.199458,2.099898,0.016419,0.028669,0.010464,18.111,38.193,0.026,0.05,0.09,0.94,0.04,0.59,0.0977917981072555
11,2024-12-05,15060.03995,10568.72228,749.665209,1383.655074,57.837672,834166.4441,407696.417,419487.1599,0.06022,0.025361,1.358568,0.314866,2.905712,0.017725,0.030592,0.010567,16.13,38.264,0.04,0.3,0.08,0.48,0.01,0.52,0.168769716088328
11,2024-12-19,8771.305396,11075.91417,1187.8968,1799.641406,93.430085,742358.9117,391212.2715,345537.4518,0.060007,0.029344,1.106486,0.244537,2.234825,0.018367,0.030442,0.010459,15.298,38.278,0.048,0.59,0.11,0.99,0.02,0.33,0.205047318611987
10,2014-01-13,11866.9,11419.01,2042.7,10941.82,261.62,2565672.03,1577257.39,993062.17,0.05897,0.035382,2.632526,0.193048,3.933582,0.016458,0.017686,0.014738,12.438,34.278,0.13,9.52,0.72,10.99,0.08,1.75,0.412307692307692
10,2014-01-29,5927.168985,2191.294466,3964.003551,10098.3723,324.40367,1003867.689,474978.138,524590.5805,0.064815,0.035185,1.224074,0.188272,2.601235,0.01529,0.016523,0.014057,12.177,37.451,0.042,1.72,0.44,2.31,0.03,4.05,0.670769230769231
10,2014-02-10,7686.920245,2450.503067,625.766871,12678.03681,60.07362,968173.7828,356656.0086,605788.5928,0.081221,0.039555,1.900922,0.200269,8.042435,0.025792,0.037231,0.019139,12.122,37.683,0.073,1.45,0.36,1.9,0.06,1.56,0.681538461538462
10,2014-02-24,3637.257726,798.031188,306.780834,3378.599376,8.020414,589800.4878,289779.5122,295385.3659,0.071159,0.037154,0.782116,0.198363,5.520151,0.016928,0.019915,0.01419,12.661,37.95,0.092,1.73,0.33,2.48,0.06,0.74,0.586153846153846
10,2014-11-12,11025.30096,3048.86059,585.776456,327.470212,90.33661,487457.0834,286704.9593,196219.8717,0.073486,0.039771,1.386252,0.299509,2.50491,0.017082,0.02185,0.012125,18.232,38.081,0.093,0.3,0.11,1.03,0.01,0.3,0.150769230769231
10,2014-11-24,6053.964385,1041.694035,877.958929,1590.771243,149.620011,600336.8302,387534.2466,206457.4302,0.068065,0.035161,1.207258,0.23871,2.733871,0.016815,0.020051,0.01231,17.279,37.689,0.437,0.66,0.07,1.22,0.17,0.6,0.206153846153846
10,2015-01-19,4422.259366,2847.014727,1226.601784,3209.772677,57.871891,532832.9287,366632.5646,158735.4777,0.063087,0.039857,1.303898,0.202864,2.491647,0.018623,0.021034,0.013864,13.085,37.975,0.1,0.29,0.2,1.21,0.01,0.88,0.521538461538462
10,2015-02-02,4082.085568,2789.142836,1116.50404,3849.186495,63.517929,517156.6672,345464.2795,165347.2343,0.062857,0.036111,1.484921,0.188889,2.562698,0.016111,0.018144,0.012583,12.601,38.062,0.092,1.45,0.22,3.82,0.02,0.64,0.704615384615385
10,2015-05-27,16132.14245,807.383453,1720.63012,1112.269512,194.788316,333467.1406,254286.0239,76035.20028,0.070122,0.029469,1.11102,0.235102,3.799184,0.018777,0.02052,0.014239,15.875,37.514,0.041,0.05,0.02,1.08,0.06,1.37,0.323076923076923
10,2015-08-31,48639.21094,3420,1100,2070,19.8,740270,492000,242000,0.0467,0.026,1.4071,0.2957,24.549,0.017,0.019,0.0136,20.838,37.881,0.008,0.04,0.01,0.81,0.01,0.26,0.196923076923077
10,2015-09-21,27971.88086,3420,1060,1180,83.3,637714.25,461000,171000,0.0569,0.0281,1.2865,0.3236,5.9732,0.017,0.0189,0.013,20.038,37.773,0.09,0.07,0.01,0.69,0.01,0.37,0.0923076923076923
10,2015-10-12,32811.92188,6050,1750,2420,209,694021.125,474000,213000,0.0611,0.029,0.9392,0.1912,2.6272,0.0157,0.0177,0.0122,18.519,37.918,0.167,0.15,0.02,1.65,0.02,0.58,0.115384615384615
10,2015-10-26,29826.60742,7460,833,926,83.3,729442.25,451000,304000,0.0591,0.0287,1.175,0.2657,3.8202,0.0153,0.018,0.012,17.434,38.165,0.129,0.17,0.03,1.25,0.02,0.34,0.203076923076923
10,2015-11-09,13249.08008,9950,1070,3720,224,1276370.75,1150000,416000,0.0606,0.0304,1.2644,0.2336,2.6437,0.0147,0.0159,0.0118,17.655,37.571,0.194,0.39,0.05,1.4,0.07,1.62,0.135384615384615
10,2015-12-07,19492.94922,11000,1600,1570,124,288393,393000,190000,0.0631,0.0299,1.0414,0.2381,1.9522,0.0154,0.0174,0.0121,15.178,38.295,0.128,0.63,0.08,1.85,0.02,0.37,0.396923076923077
10,2015-12-21,18276.2207,11000,932,2430,199,623927.875,425000,193000,0.0602,0.0315,0.9587,0.2151,2.1437,0.015,0.0166,0.0122,14.495,38.081,0.137,0.46,0.14,1.86,0.02,0.64,0.353846153846154
10,2016-02-22,5474.622085,4251.715494,2525.802041,8878.763325,636.834376,892982.9466,276153.201,626782.2197,0.021611,0.032745,1.050613,0.185583,2.9985,0.01209,0.020765,0.009508,13.728,38.325,0.011,0.84,0.37,1.56,0.06,0.9,0.607692307692308
10,2016-03-17,5708.435672,1838.205505,2153.546198,9504.82997,536.848302,970813.5309,362202.9634,618842.6055,0.061586,0.029176,1.483449,0.17321,3.672055,0.013174,0.020101,0.010254,11.843,38.083,0.176,0.81,0.29,0.32,0.05,1.34,0.689230769230769
10,2016-10-19,14325.69696,2518.110804,2239.688046,2161.237434,358.411617,1035392.787,403019.2899,641766.8437,0.062848,0.028173,1.377709,0.226006,2.347523,0.013252,0.022042,0.009601,18.549,37.941,0.121,0.31,0.07,1.87,0.07,1.43,0.0707692307692308
10,2016-11-15,21375.48426,8088.104221,1975.109513,5496.157547,258.425544,755046.128,267878.1101,494436.6788,0.058584,0.028945,1.179369,0.201694,2.354119,0.012563,0.020597,0.00963,16.479,38.184,0.057,0.23,0.04,1.49,0.03,0.93,0.26
10,2017-01-03,9154.532489,4186.350649,1484.057751,7570.968949,375.278972,830214.2684,433575.2819,383626.0456,0.065977,0.033776,1.434761,0.226982,2.672575,0.013382,0.015934,0.01083,14.162,37.984,0.015,0.53,0.36,1.5,0.03,1.1,0.427692307692308
10,2017-01-09,8701.070398,5040.678914,1086.0346,6966.826666,211.805177,885959.6618,483979.1187,391183.7799,0.061135,0.031684,1.39641,0.219311,2.063076,0.012259,0.01405,0.010193,13.495,38.122,0.01,0.69,0.36,1.57,0.03,0.81,0.493846153846154
10,2017-01-24,5010.827177,3504.025246,862.857332,4523.248817,253.029004,716905.0794,394422.8088,310435.3558,0.063199,0.034176,1.565873,0.232377,2.908119,0.013567,0.01592,0.010937,12.012,38.164,0.1,0.93,0.39,2.12,0.16,0.63,0.673846153846154
10,2017-01-31,5495.562516,2989.438171,1191.226433,6998.099913,1104.514246,765035.9134,419084.8891,332767.6082,0.059577,0.034515,1.832102,0.214673,3.66322,0.014476,0.016981,0.011622,11.555,37.538,0.102,1.7,0.34,4,0.05,0.87,0.821538461538462
10,2017-02-07,4998.033576,3154.333477,972.313699,6735.120331,396.60164,1136558.219,696277.5791,424881.0462,0.055338,0.032566,1.74094,0.186582,3.178257,0.013005,0.014319,0.010999,11.018,37.105,0.13,3.06,0.44,3.73,0.06,1.08,0.783076923076923
10,2017-02-21,6048.530394,2557.29875,2626.952801,14890.33041,1319.162446,1221966.299,798960.4801,404594.4963,0.054908,0.033479,2.413508,0.164723,3.551506,0.014045,0.015628,0.011222,12.049,35.404,0.305,6.15,0.44,7.65,0.04,3.74,0.546153846153846
10,2017-03-06,5718.739783,4828.873737,862.857332,5825.353127,65.389518,816633.0767,451759.3042,359191.2656,0.059649,0.034436,1.423559,0.22807,2.300251,0.012378,0.013415,0.010857,12.913,37.957,0.031,2.44,0.34,5.67,0.03,1.02,0.458461538461538
10,2017-03-21,67108.23936,2476.430301,3608.88274,10861.18298,533.849879,1495010.759,798733.1798,670876.7729,0.052711,0.02495,1.62249,0.164659,3.50502,0.014748,0.017183,0.012243,13.669,37.825,0.022,0.61,0.17,2.41,0.01,1.01,0.641538461538462
10,2017-03-28,52177.99216,1772.624536,2055.505276,4406.684894,530.223699,1423638.471,734520.851,667978.6944,0.055916,0.028457,1.22666,0.187718,2.882676,0.014932,0.017499,0.012288,13.158,37.898,0.171,0.67,0.33,2.03,0.02,0.94,0.552307692307692
10,2017-04-04,45778.34849,942.461963,2088.200035,4371.147112,507.479518,1357494.09,744749.3636,587968.9962,0.053374,0.030262,1.542296,0.199396,3.48993,0.014553,0.016721,0.011999,13.651,37.035,0.031,2.42,0.44,2.42,0.03,1.62,0.516923076923077
10,2017-07-10,29986.77995,473.363248,1364.650806,2400.932511,7.107556,911246.8178,446815.5231,454316.4323,0.046978,0.031646,1.657985,0.298771,25.435381,0.015681,0.020553,0.011951,21.93,37.868,0.038,0.04,0.01,0.43,0.01,0.31,0.972307692307692
10,2017-07-25,26731.51917,2184.8628,973.73521,1710.078041,119.406946,768331.7675,402435.1437,355043.0355,0.055392,0.035343,1.50098,0.278922,4.838725,0.016427,0.02063,0.012531,20.772,38.151,0.002,0.12,0.01,0.63,0.01,0.33,0.0876923076923077
10,2017-08-16,43213.94218,632.572509,1215.392124,3185.606725,4.264534,840954.2066,426528.9732,405162.747,0.05175,0.028093,1.106456,0.210448,29.447511,0.014453,0.018047,0.011318,20.914,38.069,0.029,0.17,0.01,0.83,0.01,0.26,0.82
10,2017-08-29,33601.68307,88.133698,1353.278716,1209.706079,4.264534,682753.2125,291967.2081,380500.6667,0.056311,0.033252,0.98932,0.276214,13.764078,0.015437,0.021197,0.011981,22.489,38.128,0.03,0.08,0.01,0.74,0.01,0.18,0.838461538461538
10,2017-09-05,45754.1828,1350.435693,983.685789,2118.051771,5.686045,662807.613,300661.4438,354190.6595,0.051582,0.024818,1.2,0.292944,58.849635,0.014258,0.018858,0.011115,20.927,38.159,0.023,0.04,0.01,0.96,0.02,0.24,0.849230769230769
10,2017-09-12,41731.30594,5519.728207,911.188715,1983.008202,4.264534,681957.6615,305605.2249,368681.0522,0.051566,0.023566,1.192771,0.25253,6.722892,0.01384,0.018299,0.010918,19.808,38.216,0.011,0.05,0.02,0.8,0.02,0.31,0.0753846153846154
10,2017-09-19,48917.04534,4911.321389,1350.435693,1862.179745,4.264534,710654.3217,335381.5614,366748.9999,0.056135,0.027173,1.382017,0.304024,20.608544,0.014382,0.01892,0.011152,18.821,38.239,0.02,0.15,0.01,0.9,0.02,0.39,0.327692307692308
10,2017-10-03,38197.42896,6656.937212,1648.953057,1094.563667,5.686045,707926.7184,354531.6099,347087.5258,0.051791,0.025847,0.885286,0.206196,16.770571,0.014449,0.018099,0.011407,19.378,38.098,0.014,0.11,0.02,0.76,0.01,0.35,0.386153846153846
10,2017-10-16,34581.10432,30069.2276,1833.74952,6256.071038,7.107556,863229.6339,377204.8127,474943.9326,0.059842,0.031108,1.218101,0.21365,5.604847,0.01315,0.016418,0.010946,17.165,38.168,0.054,0.17,0.01,0.94,0.01,0.33,0.556923076923077
10,2017-10-23,37776.66163,6551.745379,2007.173893,1339.063603,122.249968,929714.9655,473352.8306,444485.6952,0.058737,0.026921,1.30837,0.229564,3.126285,0.0147,0.01848,0.01141,17.761,37.736,0.133,0.11,0.03,1.28,0.04,0.89,0.183076923076923
10,2017-10-31,44088.1716,6702.425572,2862.92367,2659.64756,187.639486,914429.0217,447781.5493,455339.2835,0.054956,0.025025,0.882728,0.2105,2.912169,0.013612,0.017567,0.010494,16.698,38.107,0.025,0.21,0.02,1.2,0.01,0.75,0.243076923076923
10,2018-01-09,4557.666814,3290.322581,841.802917,7232.876712,161.732214,884686.575,318989.7958,553011.3849,0.057886,0.032183,1.708975,0.206054,3.829527,0.012375,0.017117,0.0103,12.101,37.911,0.167,1.28,0.61,2.13,0.21,0.95,0.656923076923077
10,2018-01-23,4609.368095,2957.578436,1912.947415,7816.173221,193.548387,778895.174,285241.8602,479531.8371,0.052763,0.031296,1.321467,0.168969,3.276833,0.011409,0.013766,0.010192,12.479,37.974,0.023,2.67,0.4,2.5,0.07,1.4,0.604615384615385
10,2018-11-06,14098.54176,6376.491383,591.250552,1525.850641,27.839152,708766.485,252750.4966,447100.3104,0.053344,0.026271,1.070091,0.23221,4.277689,0.011921,0.017686,0.009505,17.752,37.926,0.021,0.02,0.05,1.7,0.06,0.89,0.181538461538462
10,2018-11-20,5054.794521,1030.048608,1044.631021,2993.371631,1.325674,897192.459,353635.2829,533803.7833,0.075701,0.034198,1.872949,0.295394,52.489148,0.013178,0.019537,0.01019,16.479,35.267,0.769,4.49,0.23,11.66,0.24,0.66,0.0138461538461538
10,2018-12-04,12022.53646,2868.758285,2394.167035,15926.64605,478.568272,879720.1235,326529.2283,540685.0113,0.054787,0.029521,1.275532,0.185106,2.334574,0.011942,0.01618,0.010016,15.867,37.476,0.06,1.48,0.21,4.85,0.03,0.81,0.116923076923077
10,2019-09-18,48928.75605,4783.905033,2006.332386,2560.185356,4.153897,739211.32,416812.44,333096.72,0.056207,0.024505,1.081682,0.238172,78.851597,0.015302,0.01821,0.012191,20.955,38.067,0.014,0.02,0.02,0.64,0.01,0.19,0.846153846153846
10,2019-11-13,20250.24923,13028.0065,1572.942436,486.005982,2.769265,627792.21,338243.8,297218.56,0.064066,0.02768,1.126899,0.259548,1.495277,0.013694,0.016646,0.010945,16.692,38.117,0.047,0.16,0.02,0.83,0.03,0.35,0.266153846153846
10,2019-12-12,14131.55854,8291.178968,1970.331943,6978.547428,314.311561,720742.39,453952.15,277942.25,0.058655,0.027112,1.179655,0.197703,2.015997,0.012058,0.012565,0.011095,15.134,37.823,0.11,0.69,0.23,1.68,0.03,0.77,0.750769230769231
10,2020-02-11,20600,2060,2570,14000,456,168662.5264,106974.1182,62044.98856,0.0498,0.0317,1.2613,0.1599,2.1775,0.009929,0.010638,0.008936,12.848,37.464,0.012,2.22,0.37,3.25,0.05,1.1,0.483076923076923
10,2020-03-03,33300,1280,2220,9900,210,465337.4142,230350.9345,239488.3071,0.0474,0.0274,0.9634,0.1658,2.3613,0.017122,0.023309,0.012878,13.224,37.97,0.024,1.82,0.21,2.71,0.04,1.03,0.503076923076923
10,2020-09-29,42400,7060,2470,993,1.22,192063.1147,120747.0359,71672.6592,0.064,0.0277,1.0568,0.2509,1.914,0.010567,0.011348,0.009504,18.761,37.882,0.025,0.24,0.01,1.03,0.03,0.56,0.12
10,2020-10-13,32100,9470,1470,953,46.3,420720.2924,177086.7382,246129.617,0.0547,0.0249,0.9534,0.2195,2.7258,0.016403,0.023885,0.01259,17.867,38.095,0.022,0.14,0.01,0.84,0.02,0.36,0.166153846153846
10,2020-11-10,18800,5990,2170,2270,190,629186.1053,249739.9935,381541.0216,0.0589,0.0284,0.9204,0.2099,2.676,0.012971,0.017246,0.010797,15.788,37.773,0.122,0.22,0.06,0.73,0.04,1.36,0.310769230769231
10,2020-12-01,13500,4060,1110,489,160,580468.3089,230707.5149,351231.6881,0.0642,0.0295,1.0947,0.238,2.1123,0.010714,0.012429,0.009857,15.396,37.626,0.246,0.28,0.09,2.65,0.09,1.11,0.324615384615385
10,2021-01-19,5614.681903,4221.882679,1360.824953,8512.829783,130.455024,687617.852587,239847.346237,446002.717542,0.059262,0.014173,0.962426,0.168095,2.787739,0.011029,0.013618,0.009838,15.396,37.626,0.016,1.65,0.24,1.45,0.07,0.83,0.324615384615385
10,2021-02-02,4894.621331,4521.161851,1427.331436,8395.164467,135.570907,574583.356442,226484.942599,346850.562919,0.054098,0.015344,0.778361,0.158689,2.319344,0.010992,0.011718,0.010629,11.85,34.871,0.022,2.17,0.23,2.78,0.05,0.64,0.467692307692308
10,2021-03-16,48567.637946,2337.95866,3703.899497,8528.177432,392.644042,900272.447452,283210.165826,613058.759913,0.05,0.007143,1.093054,0.152031,3.482307,0.014147,0.018062,0.012738,12.576,37.102,0.02,2.46,0.35,2.87,0.02,0.91,0.598461538461538
10,2021-04-06,27991.555382,427.176254,230.214748,676.575564,2.557942,988141.949975,350074.177805,632400.449226,0.058361,0.005934,1.997377,0.288525,37.045246,0.015321,0.020707,0.013125,13.469,37.688,0.194,1.29,0.13,2.46,0.02,0.23,0.489230769230769
10,2021-11-02,33561.473306,11529.921949,1631.966767,521.820095,86.970016,767948.255782,245358.687815,520197.853696,0.057237,0.038995,1.094514,0.28883,2.439524,0.013172,0.019835,0.010933,18.343,38.084,0.112,0.02,0.01,1.28,0.03,0.49,0.210769230769231
10,2021-11-16,20359.936495,9096.040477,1603.829409,1587.202788,225.098864,760877.100549,292673.035328,466852.226721,0.059404,0.031854,1.003311,0.242384,2.421192,0.01395,0.018809,0.011599,16.033,37.866,0.134,0.44,0.04,1.63,0.06,0.79,0.284615384615385
10,2021-11-30,11093.792899,6722.270634,951.554291,2298.310565,78.01722,818642.199545,285133.935999,530388.636238,0.05913,0.028411,0.978906,0.243243,2.793672,0.012951,0.017651,0.011019,14.635,37.975,0.11,0.41,0.09,1.25,0.04,0.55,0.378461538461538
10,2021-12-14,14398.6535,10468.376167,1075.61446,9475.894811,154.755469,756405.63474,282118.296268,471947.617991,0.056032,0.023863,1.101516,0.205669,2.861569,0.012139,0.015435,0.010569,13.719,37.979,0.024,0.48,0.16,1.34,0.05,0.8,0.455384615384615
10,2022-01-04,3546.763897,10158.96545,1929.564506,3468.672619,291.067494,969983.884,640612.4093,318579.4866,0.0576635047428857,0.010285,1.05991,0.192961,3.496505,0.012848,0.01411,0.010726,13.053,37.678,0.113,0.59,0.15,0.24,0.04,1.78,0.472307692307692
10,2022-01-18,7844.623912,5195.1998,1201.185852,6649.117427,283.968286,1281224.819,719979.7727,546876.2848,0.0579199194157643,0.029212,1.354571,0.196676,3.3586,0.011289,0.012764,0.0097,12.388,37.9,0.026,0.62,0.23,0.52,0.03,1.2,0.64
10,2022-02-02,6028.646721,1879.870056,1649.855744,7226.992889,242.792885,1017221.957,518632.1104,488599.5494,0.0586319218241042,0.033325,1.215485,0.196442,3.148835,0.012823,0.014835,0.01104,11.59,37.872,0.034,0.66,0.23,0.51,0.04,1.41,0.741538461538462
10,2022-02-16,6234.523728,961.23265,2239.089938,7391.694496,394.715918,1270062.82,630868.7859,625133.6151,0.0580985915492958,0.03169,1.287223,0.19165,3.504024,0.013047,0.015451,0.010987,11.459,37.821,0.04,0.5,0.28,0.58,0.03,1.01,0.729230769230769
10,2022-03-01,14143.04051,2063.029601,2709.057452,15024.76203,303.846067,1273762.93,574072.0946,685753.7536,0.050187265917603,0.027965,1.248689,0.154307,3.093134,0.01149,0.013197,0.010182,12.096,37.992,0.023,0.61,0.31,1.05,0.04,0.79,0.695384615384615
10,2022-04-12,11699.4934,955.553284,2149.639928,7803.448511,102.228583,1129335.296,582644.0165,538612.7054,0.0535133783445861,0.030258,0.946737,0.182046,2.470118,0.011644,0.012215,0.011016,13.271,38.266,0.082,2.42,0.34,2.6,0.12,0.7,0.513846153846154
10,2022-09-06,45831.06159,1292.055703,1358.788251,1668.313683,2.839683,916763.9659,497849.8249,412068.9372,0.0517978375660045,0.021775,0.743274,0.218758,31.879306,0.016046,0.021357,0.011478,23.705,38.087,0.006,0,0.01,0.52,0.01,0.2,0.107692307692308
10,2022-10-03,51963.35673,3737.022649,914.377882,1211.124742,1.419841,847941.9165,389004.917,456161.9168,0.0615114235500879,0.022094,0.879739,0.316344,50.409741,0.016031,0.024331,0.011256,20.552,38.29,0.011,0.02,0.01,0.73,0.03,0.24,0.286153846153846
10,2022-10-25,82051.21652,13543.86742,1272.177923,1314.773166,141.984143,1176080.021,556496.5712,613478.268,0.0526447105788423,0.022705,0.895958,0.25,2.644711,0.014007,0.019091,0.010618,20.204,38.056,0.09,0.06,0.02,1.07,0.05,0.44,0.06
10,2022-11-08,21027.85161,14787.64852,1286.376337,759.615166,80.930962,946796.5268,447404.9894,490881.284,0.0595959595959596,0.025758,1.053788,0.287121,2.199242,0.013249,0.017552,0.010248,18.352,38.106,0.073,0.13,0.03,0.65,0.03,0.5,0.303076923076923
10,2022-11-22,30502.45349,13555.22615,1573.184307,718.439765,97.969059,1038127.58,507778.4538,523010.5741,0.0583229036295369,0.025782,1.097622,0.246558,2.648561,0.013664,0.017898,0.010502,17.225,38.175,0.094,0.06,0.03,0.92,0.04,0.53,0.186153846153846
10,2023-01-03,6612.02664,6761.7957,981.81939,6103.55144,90.60104,698291.9811,443481.5473,248992.1627,0.05826,0.03223,1.10195,0.20886,1.95104,0.01269,0.0136,0.01112,14.233,37.336,0.094,2.14,0.25,2.18,0.03,0.86,0.198461538461538
10,2023-01-18,9152.55365,10498.62619,1028.04441,883.82235,77.65803,878409.7389,563725.8152,306826.7713,0.05987,0.02981,1.17685,0.2639,2.1964,0.0133,0.01406,0.01179,13.801,37.597,0.035,1.16,0.2,0.37,0.03,1.27,0.241538461538462
10,2023-01-31,5204.93708,6693.38267,1227.73649,2564.56402,140.52406,1035403.599,694910.4218,327961.5165,0.067,0.02686,1.62837,0.22636,2.83062,0.01149,0.01217,0.01021,12.386,38.051,0.021,1.16,0.19,0.51,0.06,1.27,0.589230769230769
10,2023-02-14,3666.56846,2224.34789,1560.55662,14792.00591,134.97705,683174.4222,477893.8854,197870.9438,0.05974,0.03102,1.25399,0.1722,2.39649,0.01121,0.01174,0.01001,12.753,38.116,0.034,1.53,0.22,1.04,0.06,1.04,0.766153846153846
10,2023-09-19,27220.98887,4613.25684,2960.25018,1296.14952,3.698,911330.2126,594159.8483,304290.6019,0.05463,0.02107,0.99466,0.27096,1.20879,0.01441,0.01642,0.01108,22.274,37.723,0.004,0,0,0,0,0.5,0.00923076923076923
12,2014-01-07,13729.23944,9799.239495,1222.071298,7388.070156,18.547456,822213.9617,317240.0634,504973.8983,0.059852,0.03057,1.106588,0.207254,3.228889,0.015396,0.021613,0.012434,14.673,37.702,0.022,0.49,0.73,3.63,0.09,0.61,0.20199146514936
12,2014-01-21,14460.83355,12329.93689,1941.300443,8383.450319,55.642369,1289540.701,536396.7274,753143.9732,0.063212,0.03161,1.651403,0.20384,1.723168,0.015857,0.021592,0.012756,13.554,35.586,0.082,3.72,0.31,6.92,0.11,0.99,0.196301564722617
12,2014-02-05,15748.85136,13704.50949,1261.227039,11006.88499,26.79077,827333.9754,215040.5746,612293.4008,0.059926,0.033234,1.103062,0.191934,1.733086,0.013337,0.019074,0.011765,14.11,37.859,0.026,0.76,0.26,1.15,0.03,0.39,0.284495021337127
12,2014-02-18,18644.3154,6351.473422,2526.575735,16709.19744,35.034084,858455.6272,286018.0192,572437.608,0.058475,0.032467,1.207281,0.180535,1.925241,0.013758,0.01847,0.011867,13.497,37.09,0.074,1.01,0.22,2.01,0.07,0.63,0.28022759601707
12,2014-03-04,30176.71166,12999.70615,2483.298337,8185.610783,59.764026,893994.5457,200483.673,693510.8727,0.058003,0.029971,1.217836,0.20614,1.61674,0.014056,0.02156,0.012448,13.995,37.676,0.02,0.37,0.23,1.38,0.06,0.4,0.294452347083926
12,2014-03-19,90659.96716,5141.767096,2034.037725,5776.502272,100.980596,889276.1017,245660.2643,643615.8374,0.06225,0.028456,1.248529,0.254412,2.274611,0.016857,0.027403,0.014023,14.979,37.641,0.026,0.46,0.13,1.57,0.12,0.51,0.311522048364154
12,2014-04-01,59079.8313,1842.380675,1341.59935,2031.976896,53.581541,722022.3214,226886.8808,495135.4407,0.06176,0.028772,1.238905,0.252959,1.841716,0.016845,0.026423,0.013701,14.789,37.777,0.027,0.41,0.14,1.11,0.03,0.25,0.307254623044097
12,2014-04-15,124758.4354,725.41163,2452.385909,2143.261635,49.459884,895701.2169,262325.4068,633375.8101,0.069025,0.028144,1.409431,0.437126,2.25242,0.01855,0.032033,0.014822,16.653,37.322,0.022,0.35,0.01,1.64,0.03,0.4,0.378378378378378
12,2014-04-29,59671.28908,632.674348,2264.850516,1753.765049,30.912427,772921.281,266742.6735,506178.6074,0.066244,0.029052,1.238984,0.297984,2.495529,0.019264,0.03111,0.014987,16.311,37.384,0.045,0.24,0,0.97,0.02,0.37,0.382645803698435
12,2014-05-13,41082.61605,443.078127,1184.976385,1599.202912,26.79077,766696.9506,251884.5946,514812.356,0.059792,0.02974,1.277323,0.283271,3.493671,0.018174,0.030637,0.014099,16.898,37.771,0.011,0.26,0,0.69,0.01,0.19,0.308677098150782
12,2014-05-27,41381.43619,496.659667,1461.127403,1689.879366,8.243314,840585.7755,279793.6888,560792.0867,0.061095,0.030096,1.299485,0.337013,5.164201,0.017047,0.027602,0.013401,18.247,37.796,0.009,0.23,0.02,0.51,0.03,0.24,0.331436699857752
12,2014-06-10,52239.94153,239.056106,1759.947535,2188.599862,2.060828,711481.1168,224879.0323,486602.0845,0.060341,0.034343,1.407681,0.340473,0.77613,0.02,0.032201,0.016012,20.316,37.692,0.025,0.05,0,0.62,0.04,0.21,0.610241820768137
12,2014-06-24,42086.23953,123.64971,1106.664902,1492.039831,35.034084,629460.5055,258008.5325,371451.9729,0.06188,0.03724,1.3227,0.367953,4.992598,0.020271,0.029802,0.01558,23.142,37.75,0.045,0.11,0,0.78,0.04,0.21,0.661450924608819
12,2014-07-08,36033.58624,140.136338,894.399567,1296.261124,12.364971,624039.3145,229195.9065,394843.408,0.060208,0.029456,1.42953,0.432513,2.452116,0.018587,0.028428,0.014509,23.1,37.892,0.008,0.04,0,0.35,0.04,0.16,0.604551920341394
12,2014-07-22,35349.39118,414.226528,1036.596733,1228.253783,16.486628,632371.8858,190846.0001,441525.8857,0.061533,0.028783,1.198813,0.373887,7.944731,0.018711,0.03222,0.014809,23.701,37.923,0.009,0.07,0,0.31,0.04,0.2,0.660028449502134
12,2014-08-05,42628.23743,368.888301,2543.062363,1454.944918,35.034084,551857.1609,233010.8187,318846.3422,0.060561,0.032964,1.2949,0.361419,3.375923,0.020793,0.030464,0.015705,25.173,38.002,0.07,0.24,0.04,1.17,0.25,0.25,0.587482219061166
12,2014-08-26,36388.04874,626.491863,704.803345,1152.003129,4.121657,610486.3371,191046.785,419439.5521,0.058143,0.028561,1.311307,0.467695,8.218128,0.020291,0.03852,0.015135,24.229,38.021,0.012,0.04,0.02,0.33,0.04,0.12,0.440967283072546
12,2014-09-09,34135.5632,614.126892,737.776601,952.102765,20.608285,521237.4712,190846.0001,330391.4711,0.056352,0.027658,1.267658,0.408922,1.853028,0.019366,0.031389,0.014628,24.012,38.008,0.019,0.09,0.03,0.63,0.03,0.18,0.621621621621622
12,2014-09-23,36381.86626,2318.432057,1011.866791,1133.455672,18.547456,610385.9447,227388.8429,382997.1018,0.05433,0.027543,1.190052,0.437268,2.481125,0.018211,0.027802,0.014181,23.431,38.197,0.011,0.12,0.02,0.35,0.03,0.19,0.122332859174964
12,2014-10-14,39798.7199,2864.551608,978.893535,754.263229,20.608285,586894.1172,159623.9559,427270.1613,0.058689,0.027206,1.129412,0.4,2.241532,0.017215,0.032609,0.013543,22.745,38.185,0.089,0.15,0,0.31,0.03,0.19,0.0497866287339972
12,2014-10-29,61076.77411,3524.016727,1028.353419,1164.3681,39.155741,603258.0825,162936.906,440321.1766,0.059868,0.027379,1.362372,0.470717,2.459795,0.016691,0.029217,0.01356,21.423,38.174,0.015,0.09,0.01,0.35,0.03,0.18,0.0938833570412518
12,2014-11-12,27495.57378,7991.892905,713.046659,395.679071,10.304142,1193163.972,709774.4456,483389.5269,0.066154,0.029622,1.206696,0.382096,2.944322,0.017542,0.022001,0.012555,19.627,37.588,0.086,0.3,0,1.39,0.03,0.22,0.00142247510668563
12,2014-11-25,11841.52053,3637.362294,381.253272,630.61352,10.304142,751437.302,219257.0565,532180.2455,0.063135,0.032035,1.047759,0.259368,2.324503,0.014634,0.023979,0.01196,18.962,37.603,0.115,0.47,0.04,1.55,0.04,0.37,0.0199146514935989
12,2014-12-09,15299.59075,5131.462953,760.445715,3375.637075,12.364971,742803.5534,248471.2522,494332.3013,0.059428,0.032305,1.063142,0.250367,1.918562,0.01429,0.020193,0.012011,17.709,37.695,0.049,0.44,0.1,0.96,0.04,0.18,0.0241820768136558
12,2014-12-22,22500.12551,16111.55718,659.465119,1597.142084,8.243314,649538.9905,195062.482,454476.5085,0.059048,0.032943,0.969985,0.238653,1.786813,0.013609,0.020803,0.011355,17.455,37.842,0.054,0.26,0.15,0.72,0.03,0.31,0.0640113798008535
12,2015-01-06,23600.60793,15788.0071,974.771878,3270.534822,14.425799,602053.3734,192251.4941,409801.8793,0.057975,0.032993,0.907299,0.233577,2.673707,0.013492,0.019195,0.011436,16.118,37.943,0.027,0.3,0.1,0.47,0.04,0.4,0.143669985775249
12,2015-01-20,12878.11727,11975.47439,692.438374,1648.662796,10.304142,530975.5364,156110.2211,374865.3154,0.062418,0.034259,0.842951,0.228634,4.721777,0.014215,0.022808,0.011681,15.381,37.974,0.032,0.42,0.23,0.77,0.04,0.21,0.177809388335704
12,2015-02-03,9448.898651,10108.36377,577.031979,4410.17298,20.608285,589203.143,178196.5546,411006.5884,0.062728,0.03377,0.906841,0.203057,2.222465,0.013624,0.02,0.011528,14.434,38.044,0.025,0.78,0.19,0.85,0.05,0.22,0.300142247510669
12,2015-02-17,11192.35956,11719.93165,457.503926,9288.154028,22.669113,703148.5455,219959.8034,483289.1345,0.063265,0.034182,1.057455,0.188364,1.25656,0.013467,0.018441,0.011693,13.89,37.988,0.05,0.75,0.23,0.94,0.13,0.33,0.500711237553343
12,2015-03-03,5259.23432,2085.558437,564.667008,6662.658525,22.669113,505375.468,177694.5925,327680.8756,0.058897,0.032403,1.023512,0.187362,1.410294,0.015225,0.022238,0.012683,13.956,38.005,0.095,0.68,0.2,0.91,0.05,0.17,0.487908961593172
12,2015-03-17,13189.30237,6231.94537,562.606179,4257.671671,28.851599,730154.1079,192251.4941,537902.6138,0.059051,0.032291,1.089455,0.202182,1.608029,0.013913,0.019768,0.01229,13.779,38.007,0.04,0.49,0.28,0.72,0.05,0.24,0.549075391180654
12,2015-03-31,26712.45896,1318.930237,1632.176168,12202.16552,12.364971,705056.0016,243652.4158,461403.5858,0.057773,0.030529,1.038434,0.166062,2.581345,0.01644,0.023543,0.013598,14.339,37.903,0.245,0.38,0.14,0.72,0.04,0.28,0.568990042674253
12,2015-04-28,24881.1232,1523.669152,545.105774,587.794781,8.209424,545406.1266,231290.4446,320188.6713,0.062066,0.022439,1.259102,0.262489,5.652837,0.018971,0.030374,0.013499,16.17,37.668,0.204,0.37,0.03,0.96,0.04,0.28,0.386913229018492
12,2015-05-12,35988.47429,523.761271,1100.062858,1152.603173,6.567539,627520.695,320447.0964,314761.7447,0.0625,0.020034,1.291096,0.258562,16.780822,0.020597,0.030633,0.013709,18.892,37.606,0.074,0.96,0.03,1.28,0.05,0.26,0.614509246088193
12,2015-05-26,21720.49484,461.369646,994.982227,594.36232,6.567539,439710.2698,203122.1111,241885.8728,0.062295,0.018292,1.118205,0.27006,4.610871,0.019199,0.029767,0.013259,19.105,37.81,0.066,0.08,0.02,0.97,0.05,0.23,0.376955903271693
12,2015-06-09,16126.59312,262.701578,861.989553,508.984307,3.28377,344739.0537,170495.945,176956.572,0.061787,0.017532,1.062979,0.261277,15.659574,0.020663,0.031059,0.013939,21.516,37.798,0.198,0.16,0.04,1.17,0.05,0.15,0.766714082503556
12,2015-06-22,15698.06117,242.99896,1123.049246,438.383258,1.641885,319930.2462,168234.7256,153762.9213,0.063483,0.01885,1.179205,0.268808,5.347422,0.021928,0.032418,0.014248,23.867,37.649,0.054,0.24,0.03,1.6,0.03,0.19,0.80796586059744
12,2015-07-07,38359.35603,615.706823,2293.713152,1160.812598,24.628273,659759.2235,283621.5228,383115.1777,0.061762,0.017955,1.206151,0.298421,8.478803,0.020447,0.033202,0.014234,25.436,37.749,0.029,0.36,0.08,1.72,0.06,0.09,0.889046941678521
12,2015-07-21,39620.32361,412.1131,2167.288018,766.760231,9.851309,698199.9538,345708.1477,359340.0706,0.058153,0.016473,1.144759,0.317804,15.557404,0.022014,0.034222,0.014446,27.783,38.117,0.068,0.26,0.05,1.29,0.03,0.15,0.988620199146515
12,2015-08-04,49811.50295,963.786414,2505.5163,1070.50893,31.195812,687927.5569,347258.6982,346935.6669,0.054371,0.017818,1.114904,0.273106,23.646961,0.021394,0.032712,0.013935,26.792,38.205,0.036,0.27,0.04,1.32,0.04,0.04,0.97724039829303
12,2015-08-25,51335.1721,1704.276487,1765.026227,863.631438,18.060733,725593.012,285818.136,446170.8967,0.056626,0.015885,1.009053,0.259259,5.298765,0.018031,0.032116,0.012423,24.942,38.228,0.041,0.29,0.03,1.14,0.06,0.13,0.873399715504979
12,2015-09-08,43114.2546,2676.272325,1755.174918,926.023062,4.925655,671194.5332,245439.2176,430988.4234,0.059087,0.019668,0.980083,0.26722,15.767635,0.017473,0.031341,0.012537,24.031,38.279,0.064,0.25,0.04,1.21,0.03,0.16,0.650071123755334
12,2015-09-22,55952.15233,5526.584446,1430.081715,870.198977,9.851309,755634.9273,296219.7454,466780.2967,0.056178,0.019687,0.979407,0.244646,12.273476,0.017398,0.030504,0.012201,23.069,38.286,0.032,0.37,0.05,1.19,0.05,0.13,0.230440967283073
12,2015-10-06,60820.34095,27943.23847,1595.912086,822.584316,32.837697,1069298.365,370839.9866,709247.6259,0.055519,0.02224,1.050695,0.242845,3.026983,0.015642,0.027415,0.011642,20.629,38.108,0.186,0.46,0.04,1.65,0.06,0.29,0.149359886201991
12,2015-10-20,38067.10053,15389.38681,1265.893229,369.424094,19.702618,704725.187,196273.8465,513813.6608,0.059805,0.021237,0.910496,0.27502,5.983727,0.01488,0.029142,0.011501,20.163,38.35,0.069,0.28,0.03,1.15,0.08,0.18,0.106685633001422
12,2015-11-03,41006.07443,27325.88976,1702.634602,403.903676,21.344503,770752.7944,222956.2358,554321.7917,0.06,0.023333,0.88374,0.162602,6.226829,0.014879,0.027567,0.011609,18.483,38.298,0.025,0.5,0.03,0.96,0.04,0.3,0.0213371266002845
12,2015-11-17,59849.98699,29092.55787,1505.608419,484.356034,21.344503,823213.0851,238138.7091,593279.3722,0.056245,0.022367,0.853061,0.233469,6.510204,0.014971,0.027462,0.011742,18.49,38.261,0.015,0.42,0.06,1,0.09,0.18,0.116642958748222
12,2015-12-01,36858.67327,37666.48062,1699.350832,295.539275,37.763352,699104.4415,237815.6778,468653.8785,0.058259,0.025956,0.868186,0.229455,6.744508,0.01535,0.02722,0.011512,16.89,38.225,0.229,0.38,0.06,0.91,0.07,0.24,0.113798008534851
12,2016-01-05,14602.92396,21966.77757,1256.04192,185.532989,6.567539,632495.3778,212360.8076,425367.678,0.063813,0.028998,0.708401,0.161551,2.749596,0.014823,0.027116,0.010931,15.623,38.209,0.136,0.54,0.11,0.8,0.06,0.3,0.165007112375533
12,2016-01-19,17349.79734,28056.52852,2392.226244,814.374892,80.452358,614211.8035,247312.7994,371486.0492,0.062948,0.0307,0.593648,0.172638,2.464984,0.016764,0.03062,0.011208,14.42,38.221,0.047,0.88,0.13,1.19,0.09,0.24,0.290184921763869
12,2016-02-02,9780.708124,16202.11982,1643.526747,7137.273496,116.573825,562785.213,233939.3016,335435.7509,0.060032,0.028317,0.926375,0.192557,2.502427,0.015974,0.026634,0.011176,14.187,38.146,0.037,1.5,0.19,1.46,0.07,0.34,0.401137980085349
12,2016-02-16,8457.348925,16850.66434,1344.703702,4355.920539,108.364401,647419.426,214751.2396,438030.5068,0.062021,0.028443,0.809291,0.207824,2.827221,0.015132,0.027399,0.011301,13.893,38.198,0.021,1.24,0.26,1.22,0.09,0.45,0.496443812233286
12,2016-03-01,25961.48344,21884.68333,2717.319447,5534.79387,338.228282,1505132.259,466974.1155,1055924.868,0.058091,0.026214,0.944984,0.20712,3.260518,0.014688,0.024846,0.011679,13.488,37.851,0.12,0.55,0.21,0.84,0.08,0.69,0.655761024182077
12,2016-03-15,28861.05211,8506.605471,3019.426261,17479.50624,333.302627,1388905.58,460901.1261,945318.9344,0.056571,0.022367,0.843265,0.177959,2.52,0.013921,0.022674,0.010982,13.568,37.917,0.068,0.68,0.39,1.05,0.07,0.79,0.530583214793741
12,2016-03-29,74116.32456,7854.777181,3738.571831,7784.176131,484.356034,1006953.315,352944.0499,667188.9444,0.054545,0.018912,1.090097,0.191558,3.568182,0.015849,0.024878,0.012537,14.102,37.86,0.022,0.64,0.2,1.38,0.16,1.24,0.561877667140825
12,2016-04-12,140420.561,6252.297555,2577.759234,8043.59394,413.754985,1199415.392,470333.6415,743747.3737,0.057925,0.018056,0.837418,0.18219,3.852124,0.016893,0.026181,0.012848,15.308,37.954,0.194,0.74,0.09,2.01,0.1,0.19,0.398293029871977
12,2016-05-10,36710.90363,4467.56871,1559.790619,1448.142448,78.810473,881746.3652,371744.4743,520661.9254,0.055419,0.018227,1.099343,0.239737,4.165846,0.016993,0.025995,0.012557,16.451,38.045,0.166,0.3,0.02,1.4,0.06,0.2,0.137980085348506
12,2016-06-21,20409.58032,1.169987,1841.317274,1313.706131,3.040986,753203.4524,306529.9753,500908.952,0.048592,0.021205,0.848983,0.212833,6.485133,0.016593,0.026463,0.012902,18.911,37.97,0.026,0.33,0.01,1.04,0.07,0.17,0.206258890469417
12,2016-09-13,54803.13668,2.521684,1529.616167,1482.480877,4.56148,707052.0194,327946.6534,490291.1059,0.057665,0.022335,1.231128,0.305837,30.511284,0.014859,0.021108,0.012151,24.874,38.089,0.032,0.29,0.02,0.86,0.04,0.24,0.816500711237553
12,2016-09-27,48008.05253,2.923077,1246.80443,1099.316589,1.520493,645939.0761,292111.423,460549.0713,0.052562,0.022438,1.092391,0.281056,3.486801,0.014132,0.020148,0.011683,23.428,38.216,0.026,0.29,0.02,0.79,0.04,0.17,0.485064011379801
12,2016-10-11,33774.71562,5.107143,1195.107661,586.910378,4.56148,577767.6783,249881.3536,418077.6872,0.051855,0.02272,0.915765,0.244204,58.633694,0.01346,0.019762,0.011277,21.839,38.299,0.032,0.37,0.02,0.9,0.03,0.2,0.0312944523470839
12,2016-10-26,55411.33396,7.258235,1698.390913,363.397877,1.520493,684971.726,331445.7163,460549.0713,0.051892,0.022857,0.998456,0.257143,2.807722,0.013914,0.019317,0.01131,20.27,38.24,0.057,0.14,0.03,1.24,0.09,0.28,0.015647226173542
12,2016-11-22,27776.36991,9.68,1487.042357,529.131636,62.340222,744093.8231,400642.7014,471589.2181,0.055521,0.027683,0.953344,0.262053,2.75972,0.012448,0.016151,0.010178,17.412,38.069,0.163,0.58,0.07,1.23,0.08,0.58,0.0455192034139403
12,2016-12-21,14075.20562,11.898512,1049.140313,443.984017,22.807398,618429.2023,323060.031,404926.037,0.05843,0.028516,0.923854,0.264957,2.666667,0.011537,0.014611,0.009552,16.244,38.196,0.124,0.35,0.07,0.73,0.04,0.31,0.0981507823613087
12,2017-01-10,18594.11143,11.685135,1093.234616,1493.12433,50.176276,594478.7201,218812.0883,373374.1423,0.055677,0.028072,1.041991,0.230949,2.011664,0.01183,0.017372,0.009624,15.294,38.155,0.017,0.42,0.14,0.69,0.03,0.32,0.203413940256046
12,2017-01-24,8776.286793,12.154156,1040.017354,1880.850098,51.696769,505192.2876,277572.2134,318233.7374,0.059579,0.029361,0.889408,0.215732,1.931464,0.011154,0.012953,0.009743,14.138,38.199,0.333,1.06,0.14,1.22,0.04,0.24,0.435277382645804
12,2017-02-07,7018.596646,10.940621,863.640142,5171.197399,33.450851,607328.7269,359558.8768,359015.9187,0.058075,0.028416,1.063665,0.211957,3.092391,0.011473,0.013454,0.009836,13.868,38.208,0.009,1.36,0.19,1.53,0.03,0.44,0.509246088193457
12,2017-03-07,8362.712641,8.057796,1249.845417,4223.93013,112.516497,689013.7469,386706.7785,301643.353,0.052941,0.026935,0.716718,0.170279,2.866099,0.011724,0.013559,0.009721,13.717,38.214,0.008,0.74,0.19,1.66,0.03,0.34,0.578947368421053
12,2017-03-21,21467.8436,3.372155,214.389542,1591.956388,196.143624,725633.2499,465073.7216,381277.1982,0.056746,0.022591,0.720894,0.170393,2.663069,0.014745,0.017249,0.011963,14.652,38.129,0.263,0.55,0.05,1.6,0.04,0.19,0.529160739687055
12,2017-05-02,33444.66842,1642.06995,1121.198299,3234.112679,2.942778,710892.6204,245863.4065,465090.5877,0.055003,0.026768,1.921425,0.368779,9.768989,0.014928,0.021537,0.012403,15.88,38.014,0.01,0.44,0.02,1.15,0.08,0.38,0.288762446657183
12,2017-09-05,24703.1473,3081.088239,753.351088,2132.042435,11.771111,534504.3453,167366.3279,366033.2891,0.04873,0.019492,0.940902,0.199585,2.444272,0.012533,0.019362,0.010432,21.416,38.043,0.019,0.59,0.1,0.42,0.09,0.12,0.566145092460882
12,2017-10-17,43835.61644,8225.063638,1069.69969,960.816915,48.555832,694567.192,218306.5744,474542.1515,0.050726,0.019087,0.981328,0.238589,1.963174,0.01402,0.022075,0.01141,20.204,38.243,0.012,0.16,0.05,0.9,0.05,0.2,0.287339971550498
12,2017-11-14,24935.62674,23433.33873,1025.558024,766.593588,1.471389,566173.2214,198789.7088,366278.7843,0.047095,0.023703,1.016598,0.262448,0.325726,0.012808,0.019808,0.010202,17.752,38.216,0.072,0.28,0.04,1.22,0.06,0.43,0.0469416785206259
12,2018-01-30,3894.76627,5744.302047,400.217766,6200.432588,1.471389,392669.5144,145824.1273,235245.7407,0.045337,0.013782,0.532124,0.079793,0.13057,0.006149,0.009376,0.004608,13.831,38.271,0.006,4.61,0.3,0.91,0.06,0.41,0.507823613086771
12,2018-02-13,4704.030134,4702.558745,1839.236055,4562.776805,44.141665,618954.6816,194923.16,404269.1609,0.052797,0.026346,0.866179,0.167277,2.296916,0.011024,0.016611,0.009311,13.619,38.334,0.012,3.39,0.25,2.07,0.09,0.34,0.64153627311522
12,2018-02-27,8672.365846,4495.092918,1284.522461,5352.912614,75.040831,636814.4548,326569.9416,282258.0645,0.049741,0.027795,0.890787,0.180124,1.887164,0.011708,0.014432,0.009499,13.392,38.328,0.029,2.39,0.15,2.4,0.1,0.35,0.724039829302987
12,2018-03-14,31296.44071,5676.61816,7205.391169,29654.37076,607.683593,931224.5299,493383.9053,435692.5419,0.047354,0.025608,1.109524,0.150794,2.894709,0.014002,0.017194,0.0111,13.358,37.64,0.031,1.42,0.12,2.45,0.05,1.22,0.733997155049787
12,2018-03-27,24485.38175,1931.933552,5632.476495,20428.76271,1496.402454,1076250.798,511120.9309,556905.779,0.04971,0.028813,1.09657,0.164644,2.518206,0.014021,0.018499,0.010938,13.466,37.803,0.089,0.89,0.31,1.22,0.08,1.11,0.662873399715505
12,2018-04-04,32934.09649,2477.818813,5196.945397,11038.35911,713.623589,961481.8088,421637.9437,536406.9328,0.046951,0.024448,1.123028,0.1551,2.20715,0.014047,0.018166,0.011547,13.706,38.098,0.149,0.72,0.32,1.6,0.08,1.12,0.633001422475107
12,2018-06-26,36649.70793,619.497123,2481.86035,1130.58225,151.002424,570816.1701,276196.4063,297031.7354,0.057234,0.03075,1.08283,0.333807,3.723071,0.017464,0.022616,0.01365,23.684,37.981,0.045,0.06,0.03,1.41,0.08,0.26,0.887624466571835
12,2018-07-10,42413.61242,742.105929,3507.90246,1677.804709,63.240331,505179.7518,278711.015,229445.2123,0.061121,0.048463,1.098734,0.325136,3.708137,0.018189,0.023053,0.013525,26.25,37.455,0.103,0.1,0.01,1.54,0.06,0.24,0.963015647226173
12,2018-07-24,47973.5991,533.02565,2499.929016,1432.587097,7.743714,572817.5934,280199.2528,293080.2075,0.058524,0.058888,1.223555,0.450018,4.886587,0.018023,0.024649,0.013318,26.783,38.061,0.033,0.37,0.02,1.65,0.07,0.21,0.953058321479374
12,2018-09-26,52267.48853,860.842878,2809.677578,1411.937193,116.155711,601555.9783,291232.7399,312529.9358,0.055854,0.042607,0.961332,0.347655,3.309703,0.01786,0.024415,0.013177,24.731,38.408,0.062,0.21,0,1.42,0.11,0.19,0.00284495021337127
12,2018-10-02,34447.91191,4655.262757,1169.30082,660.796931,49.043522,561065.6467,224672.5877,347580.5017,0.059986,0.023168,1.140086,0.387931,5.982759,0.015097,0.02338,0.011289,23.227,38.389,0.026,0.25,0.07,2,0.06,0.19,0.361308677098151
12,2018-10-16,52059.69887,8427.742114,1864.944465,316.201657,47.752903,700446.8135,335007.4583,365695.9479,0.05707,0.023228,0.834242,0.252635,3.127226,0.015122,0.022783,0.010259,21.559,38.333,0.043,0.22,0.03,1.6,0.04,0.36,0.0512091038406828
12,2018-12-18,15350.62247,10128.77796,960.220541,610.46279,43.881046,647845.3054,275016.0798,353636.0899,0.063427,0.031936,1.133902,0.315653,4.674703,0.012638,0.018621,0.009411,16.715,38.072,0.056,0.3,0.11,1.06,0.04,0.22,0.0839260312944523
12,2019-01-02,13676.68961,10161.04344,604.009695,1075.085633,33.556094,586417.0076,258953.3754,342089.4174,0.060673,0.032704,1.151683,0.265261,4.871624,0.012067,0.016801,0.009401,15.996,38.066,0.013,0.36,0.18,1.1,0.03,0.46,0.12375533428165
12,2019-01-15,16725.13171,15225.43242,1015.717158,2737.402913,49.043522,558551.038,152416.0771,402132.1145,0.057565,0.029077,1.036531,0.229151,3.854982,0.011914,0.019276,0.010039,14.576,38.061,0.017,0.47,0.17,0.83,0.03,0.55,0.278805120910384
12,2019-01-29,12099.55319,13221.1011,867.295973,2898.730289,76.146521,637940.8263,229753.1236,398334.5422,0.062658,0.034625,1.134009,0.248099,3.449113,0.011467,0.016467,0.009333,13.99,38.111,0.027,0.95,0.18,1.39,0.03,0.31,0.465149359886202
12,2019-02-12,22007.6353,14089.6877,1548.742808,4404.88267,85.180854,722051.9207,178537.2162,549621.6113,0.060584,0.030661,0.871814,0.220909,3.463243,0.011445,0.018033,0.009848,13.534,38.02,0.018,0.45,0.2,1.93,0.06,0.46,0.571834992887625
12,2019-02-26,36333.50628,17524.02487,1978.518937,3648.579932,52.915379,608689.2559,193522.2312,423326.6733,0.056139,0.025896,0.935531,0.231438,4.295907,0.012601,0.018135,0.010601,13.854,38.072,0.015,0.28,0.15,2.12,0.04,0.41,0.523470839260313
12,2019-03-12,29901.06115,15659.08041,1746.207516,3372.387464,59.368474,635374.8991,196190.7955,446420.0183,0.057164,0.028106,0.934775,0.217662,3.719311,0.012228,0.017373,0.010557,13.73,38.121,0.036,0.32,0.19,1.13,0.06,0.42,0.580369843527738
12,2019-03-27,74751.36225,9749.335977,2898.730289,9218.891565,209.080279,906747.3622,280507.1641,632141.8308,0.054093,0.028381,0.879553,0.195817,2.948792,0.012579,0.017759,0.01083,13.761,38.134,0.027,0.52,0.14,1.2,0.03,0.67,0.546230440967283
12,2019-04-09,132506.5628,4785.615277,3959.619113,3545.330411,356.210846,1025909.022,425020.1853,606841.7883,0.052087,0.031431,0.969675,0.18837,3.06279,0.01492,0.019281,0.0124,14.2,38.009,0.019,0.41,0.07,2.28,0.04,0.6,0.62873399715505
12,2019-04-23,122021.574,10092.64063,3444.662129,1308.687673,249.089468,1135166.204,443032.9944,698855.9386,0.055755,0.026727,0.827338,0.22446,2.67554,0.014069,0.019142,0.011634,14.825,38.005,0.023,0.13,0.02,1.59,0.04,0.65,0.250355618776671
12,2019-05-07,71354.45302,2107.580838,2978.748667,1375.799861,254.251944,726619.2711,253770.2024,471822.6979,0.056916,0.036744,0.896614,0.302233,2.602666,0.016113,0.025388,0.012795,16.085,37.759,0.024,0.29,0.02,1.76,0.04,0.3,0.320056899004267
12,2019-09-24,48216.97353,1753.188999,1251.463366,1240.060511,1.425357,737048.1258,291130.6232,445083.9145,0.059906,0.022594,1.180189,0.340566,52.85,0.013391,0.019549,0.010455,23.548,38.233,0.023,0.84,0.02,1.22,0.03,0.23,0.268847795163585
12,2019-10-16,33086.80994,5014.405607,1225.806942,766.842017,2.850714,639674.6228,265654.0887,373082.7475,0.060776,0.023796,1.306685,0.342683,91.676952,0.013603,0.019301,0.010612,21.067,38.2,0.035,0.78,0.01,1.22,0.02,0.3,0.32574679943101
12,2019-11-12,34469.40614,10077.27335,1170.218023,768.267374,84.096058,768151.3796,321764.9837,446230.0981,0.061176,0.027388,1.242353,0.299294,3.539765,0.012598,0.018473,0.009484,19.009,38.033,0.049,0.05,0.04,1.36,0.01,0.37,0.085348506401138
12,2019-11-26,17464.89821,5028.659176,1959.86575,1221.530871,497.449561,1080278.002,710581.7055,369279.5021,0.060196,0.028745,1.70322,0.279048,2.538497,0.014755,0.017861,0.010095,16.56,36.29,0.156,2.2,0.11,6.82,0.12,0.69,0.0184921763869132
12,2019-12-10,14145.24197,5212.530218,860.915573,4917.481337,205.251395,789824.6686,395068.6321,396371.1134,0.057774,0.030953,1.438234,0.239079,1.803194,0.011884,0.015309,0.009158,16.864,37.851,0.013,0.32,0.37,2.05,0.04,0.43,0.103840682788051
12,2019-12-17,13006.3818,7600.003041,836.684506,6057.766865,148.237119,808215.7048,417471.3107,391056.9896,0.05791,0.032062,1.29096,0.229284,1.519774,0.012302,0.016333,0.009035,16.276,37.969,0.021,0.11,0.26,1.63,0.05,0.43,0.119487908961593
12,2020-01-07,18803.30835,10283.9501,1024.831618,8911.331397,210.952823,895013.0595,466184.1118,429193.6425,0.056238,0.031191,1.29206,0.198015,2.155955,0.010741,0.012624,0.008997,15.444,37.867,0.019,0.29,0.34,1.95,0.05,0.59,0.173541963015647
12,2020-01-21,9438.713454,4763.542791,1026.256975,4558.291396,105.476411,589138.3478,293058.2956,297434.6328,0.056026,0.032015,0.797081,0.179379,1.98258,0.010792,0.013245,0.00869,14.659,38.046,0.016,0.72,0.2,1.6,0.05,0.41,0.244665718349929
12,2020-02-05,16804.95796,8845.76498,1071.868396,7769.620513,105.476411,752990.4971,363756.9813,390379.6994,0.056983,0.031481,1.014946,0.200841,2.314339,0.010781,0.013248,0.008879,14.302,38.11,0.013,0.34,0.17,2.06,0.02,0.57,0.337126600284495
12,2020-02-17,28659.65138,8275.622216,2388.89818,11491.2274,169.617472,824105.9768,431850.7044,393036.7612,0.054924,0.031013,0.928504,0.183712,2.423295,0.011423,0.013978,0.009153,14.253,38.087,0.023,0.41,0.13,1.49,0.03,0.61,0.388335704125178
12,2020-03-03,27761.67652,6663.543551,1810.203275,9314.707403,179.594971,692972.1582,349533.8854,343750.8683,0.055293,0.02982,1.23535,0.215028,2.453214,0.011626,0.014249,0.009358,13.776,38.082,0.061,1.07,0.24,2.38,0.05,0.55,0.452347083926031
12,2020-08-25,31698.51231,611.478114,964.966628,1365.491919,5.701428,566266.776,257422.4068,309365.3616,0.04918,0.019391,1.467916,0.286183,80.887119,0.011591,0.016919,0.008423,26.675,37.532,0.026,0.05,0.02,0.93,0.03,0.11,0.903271692745377
12,2020-09-01,57443.3088,718.379882,1298.500144,1378.320131,1.425357,627431.2985,315565.1727,311345.1332,0.054409,0.023171,1.270169,0.341463,39.476079,0.014273,0.01994,0.010113,21.831,37.925,0.02,0.05,0,1.2,0.02,0.2,0.254623044096728
12,2020-09-14,51865.88722,265.116385,4851.914919,1490.923327,4.276071,795868.1819,461182.5836,332549.529,0.060706,0.014165,1.153882,0.232,41.100706,0.018333,0.024133,0.012532,24.375,38.03,0.016,0.06,0.02,1.18,0.02,0.2,0.702702702702703
12,2020-09-29,42994.46581,1349.812993,685.596673,1446.737263,2.850714,680780.9331,332862.1245,347762.5108,0.052088,0.023322,1.418583,0.3313,91.384327,0.013474,0.018777,0.009747,21.565,37.683,0.027,0.06,0.01,0.82,0.03,0.74,0.890469416785206
12,2020-10-13,45808.12035,3959.641494,1002.025907,1325.581926,1.425357,695577.1208,323692.6561,370946.6782,0.055241,0.024599,1.411237,0.314448,5.230406,0.013029,0.019151,0.009255,20.45,37.594,0.013,0.02,0,0.92,0.02,0.38,0.140825035561878
12,2020-10-27,35189.21138,11032.26248,1029.107689,1240.060511,62.715704,761586.8738,322702.7703,438050.5154,0.058463,0.027723,1.206035,0.331919,2.544083,0.011647,0.016506,0.009003,19.141,37.504,0.028,0.12,0.06,1.16,0.05,0.34,0.236130867709815
12,2020-11-10,69930.86069,9324.684901,1208.702659,1053.338756,78.39463,798421.0453,353806.0241,443989.8302,0.056026,0.02613,1.186911,0.28484,2.52354,0.012476,0.017965,0.009339,18.735,37.768,0.035,0.23,0.05,1.23,0.04,0.32,0.153627311522048
12,2020-12-02,22349.59634,17684.40317,1138.860171,835.259149,4.276071,634256.3005,293943.9829,340416.5162,0.057937,0.03024,1.247763,0.305228,6.78097,0.011907,0.016139,0.00911,16.462,38.018,0.087,0.18,0.03,1.14,0,0.44,0.10099573257468
12,2020-12-15,13977.04985,13204.50641,996.32448,802.47594,35.633923,625295.2291,310094.7512,315044.1802,0.057075,0.031274,1.106132,0.279717,3.171226,0.011437,0.015131,0.008596,15.888,37.951,0.18,0.24,0.1,1.23,0.05,0.36,0.14651493598862
12,2021-01-19,6676.771736,8563.827928,714.198351,4232.771876,91.731898,583219.004,294638.9398,292184.0505,0.058106,0.02878,1.137341,0.21439,1.460474,0.010542,0.01215,0.008978,14.268,37.957,0.035,0.73,0.24,1.49,0.01,0.29,0.317211948790896
12,2021-02-02,6300.633117,6828.47291,668.887892,6334.077512,98.87908,566766.0229,277506.9468,292601.904,0.060507,0.030486,1.65185,0.211077,2.165464,0.010489,0.012185,0.009016,14.057,38.046,0.006,0.79,0.27,1.39,0.02,0.31,0.406827880512091
12,2021-02-16,14687.90563,8106.630424,2037.199861,12660.8845,522.023376,1077226.289,567862.8883,514899.9589,0.057522,0.029809,1.350256,0.196088,2.838146,0.010272,0.011389,0.009066,13.591,37.867,0.016,0.61,0.29,1.89,0,0.92,0.419630156472262
12,2021-03-02,39790.10492,9742.49755,4285.244818,9742.49755,482.762565,949624.2801,455773.6906,497506.8075,0.051502,0.025073,0.985543,0.182065,3.179354,0.012226,0.014474,0.010428,13.83,37.873,0.03,0.38,0.15,2.07,0,0.62,0.463726884779516
12,2021-03-16,38375.26162,8539.953449,1186.548955,5519.779209,165.767869,791205.577,350579.0753,444439.4147,0.054545,0.024626,1.173533,0.209436,3.280552,0.01073,0.01284,0.009293,13.916,38.105,0.045,0.47,0.3,1.77,0.04,0.24,0.493598862019915
12,2021-03-30,52097.64212,1782.731641,591.820374,6946.255343,984.428484,711395.561,340655.055,373665.4804,0.054967,0.021236,1.069978,0.194923,2.390287,0.012961,0.016459,0.010315,15.029,37.85,0.038,0.66,0.11,1.46,0.01,0.28,0.611664295874822
12,2021-04-13,11246.98595,1398.911448,1117.163475,828.863223,88.455759,486433.6901,207359.7927,280222.9945,0.054646,0.020423,1.00368,0.195584,1.943514,0.012641,0.015665,0.010744,14.652,38.125,0.205,0.18,0.04,1.6,0.02,0.18,0.352773826458037
12,2021-04-27,45855.17317,1285.428035,2082.277088,3065.251468,1.454104,681310.11,270925.7544,411794.6111,0.056547,0.022688,1.225724,0.226419,40.722827,0.013148,0.018816,0.010337,14.937,38.039,0.007,0.08,0.01,1.06,0.03,0.19,0.322901849217639
12,2021-05-11,30238.09501,1233.080287,2623.203818,1577.702961,4.362312,804263.4984,376068.138,430598.018,0.055748,0.022092,0.966828,0.190509,29.683483,0.012415,0.01613,0.009832,16.141,37.909,0.042,0.24,0.01,1.36,0.04,0.15,0.211948790896159
12,2021-05-25,38586.10671,916.085591,1979.035696,2384.730744,18.903353,632264.557,319919.0757,313964.6635,0.057648,0.019959,1.267111,0.261369,9.256546,0.014201,0.018511,0.010753,16.961,37.718,0.01,0.49,0.05,2.93,0.03,0.22,0.238975817923186
12,2021-12-14,13129.10603,12595.44982,718.327431,1190.911268,98.87908,629496.2776,305816.5205,325612.3295,0.05806,0.029599,1.267077,0.26867,2.718352,0.01159,0.015696,0.008533,15.72,38.077,0.02,0.25,0.13,0.2,0.03,0.33,0.184921763869132
12,2022-01-11,11014.87793,13709.31216,1126.740102,2024.030286,75.628744,549859.289,212515.0023,336982.1628,0.059547,0.0274,0.864293,0.222006,1.880906,0.011348,0.015514,0.009337,14.882,38.117,0.033,0.35,0.21,0.3,0.03,0.34,0.220483641536273
12,2022-01-25,14619.42078,16235.82495,1070.339005,4742.819542,74.346901,575828.7464,236777.3041,338792.7824,0.058393,0.025426,0.996983,0.200172,2.426201,0.010984,0.014054,0.009305,14.193,38.129,0.299,0.49,0.18,0.23,0.04,0.46,0.332859174964438
12,2022-02-01,6443.825362,7080.901392,1013.937908,2764.935609,42.300823,365486.4876,158713.7359,206927.9477,0.05371,0.025237,0.910483,0.206644,2.27308,0.01129,0.013777,0.009759,14.158,38.152,0.062,0.33,0.2,0.14,0.03,0.28,0.37126600284495
12,2022-02-22,22488.65569,25153.60753,1148.531435,5541.407806,65.373999,761236.1876,305736.0427,431910.3588,0.052382,0.026083,0.851261,0.184307,2.540203,0.010565,0.012955,0.009274,13.855,38.195,0.005,0.64,0.26,0.1,0.03,0.25,0.512091038406828
12,2022-03-02,29479.82806,24146.07884,1465.146686,5249.147574,108.956665,724558.2088,274489.9226,450585.6061,0.055532,0.024776,0.87249,0.186245,2.453439,0.011302,0.014572,0.009715,13.769,38.209,0.035,0.74,0.28,1.43,0.05,0.54,0.541963015647226
12,2022-03-08,27826.25044,17565.09627,1679.214487,9190.815167,180.73988,703710.2181,275058.9745,428599.5117,0.057498,0.025102,0.98112,0.181292,2.133233,0.011141,0.013866,0.009754,13.708,38.206,0.039,1.02,0.29,1.51,0.03,0.2,0.590327169274538
12,2022-03-16,30310.4624,14734.78666,1492.065391,10018.88582,148.693802,825952.9032,314944.3364,510232.587,0.058372,0.024286,0.829783,0.181934,2.534086,0.011252,0.014536,0.009659,13.623,38.222,0.03,0.72,0.25,1.68,0.02,0.57,0.640113798008535
12,2022-03-22,23785.88093,8425.554824,1718.951623,8369.153727,188.430939,863096.4698,366676.3233,497247.8583,0.058018,0.025262,0.849711,0.189039,2.810533,0.013145,0.020246,0.009595,13.5,38.27,0.122,1.44,0.39,1.88,0.07,0.55,0.677098150782361
12,2022-03-30,68705.50936,9824.045668,6206.684385,31587.17815,507.609875,902774.9038,385868.8905,518199.313,0.04789,0.022574,0.62827,0.152954,1.789662,0.012685,0.016071,0.010682,13.938,38.236,0.132,0.68,0.16,1.59,0.02,1.06,0.675675675675676
